construction heuristic,flip fct,step fct,network name,n,m,k,k-index,edge connectivity,initial max-flow,best max-flow,first interdiction max-flow,best search max-flow,delta cost calculations,flips,non-improving flips,tabu-searches in k,tabu-searches in G,list of max-flows,k:0,k:1,k:2,k:3,k:4
cut,cap,first,R-MAT.50.5.1.gexf,50,199,2,1,"[10, 10, 10, 10]",14.0,10.0,10.0,inf,2770,0,0,0,0,"[14.0, 10.0]",R-MAT,50,5,1,gexf
cut,cap,first,R-MAT.50.5.1.gexf,50,199,3,2,"[10, 10, 10, 10]",14.0,8.0,8.0,inf,3260,0,0,0,0,"[14.0, 8.0]",R-MAT,50,5,1,gexf
cut,cap,first,R-MAT.50.5.1.gexf,50,199,5,3,"[10, 10, 10, 10]",14.0,6.0,6.0,inf,4901,0,0,0,0,"[14.0, 6.0]",R-MAT,50,5,1,gexf
cut,cap,first,R-MAT.50.5.1.gexf,50,F,10,4,"[10, 10, 10, 10]",F,F,F,F,F,F,F,F,F,F,R-MAT,50,5,1,gexf
cut,cap,first,R-MAT.50.5.1.gexf,50,F,50,5,"[10, 10, 10, 10]",F,F,F,F,F,F,F,F,F,F,R-MAT,50,5,1,gexf
cut,cap,first,R-MAT.50.10.1.gexf,50,315,2,1,"[14, 14, 14, 14]",25.0,19.0,19.0,inf,1855,0,0,0,0,"[25.0, 19.0]",R-MAT,50,10,1,gexf
cut,cap,first,R-MAT.50.10.1.gexf,50,315,3,2,"[14, 14, 14, 14]",25.0,16.0,16.0,inf,1700,0,0,0,0,"[25.0, 16.0]",R-MAT,50,10,1,gexf
cut,cap,first,R-MAT.50.10.1.gexf,50,315,5,3,"[14, 14, 14, 14]",25.0,12.0,12.0,inf,1951,0,0,0,0,"[25.0, 12.0]",R-MAT,50,10,1,gexf
cut,cap,first,R-MAT.50.10.1.gexf,50,315,10,4,"[14, 14, 14, 14]",25.0,6.0,6.0,inf,3380,0,0,0,0,"[25.0, 6.0]",R-MAT,50,10,1,gexf
cut,cap,first,R-MAT.50.10.1.gexf,50,F,50,5,"[14, 14, 14, 14]",F,F,F,F,F,F,F,F,F,F,R-MAT,50,10,1,gexf
cut,cap,first,R-MAT.50.25.1.gexf,50,581,2,1,"[28, 28, 28, 28]",70.0,54.0,54.0,inf,597,0,0,0,0,"[70.0, 54.0]",R-MAT,50,25,1,gexf
cut,cap,first,R-MAT.50.25.1.gexf,50,581,3,2,"[28, 28, 28, 28]",70.0,47.0,47.0,inf,513,0,0,0,0,"[70.0, 47.0]",R-MAT,50,25,1,gexf
cut,cap,first,R-MAT.50.25.1.gexf,50,581,5,3,"[28, 28, 28, 28]",70.0,37.0,37.0,inf,669,0,0,0,0,"[70.0, 37.0]",R-MAT,50,25,1,gexf
cut,cap,first,R-MAT.50.25.1.gexf,50,581,10,4,"[28, 28, 28, 28]",70.0,25.0,25.0,inf,1341,0,0,0,0,"[70.0, 25.0]",R-MAT,50,25,1,gexf
cut,cap,first,R-MAT.50.25.1.gexf,50,F,50,5,"[28, 28, 28, 28]",F,F,F,F,F,F,F,F,F,F,R-MAT,50,25,1,gexf
cut,cap,first,R-MAT.50.5.2.gexf,50,197,2,1,"[10, 10, 10, 10]",11.0,9.0,9.0,inf,4601,0,0,0,0,"[11.0, 9.0]",R-MAT,50,5,2,gexf
cut,cap,first,R-MAT.50.5.2.gexf,50,197,3,2,"[10, 10, 10, 10]",11.0,8.0,8.0,inf,4683,0,0,0,0,"[11.0, 8.0]",R-MAT,50,5,2,gexf
cut,cap,first,R-MAT.50.5.2.gexf,50,197,5,3,"[10, 10, 10, 10]",11.0,6.0,6.0,inf,4754,0,0,0,0,"[11.0, 6.0]",R-MAT,50,5,2,gexf
cut,cap,first,R-MAT.50.5.2.gexf,50,F,10,4,"[10, 10, 10, 10]",F,F,F,F,F,F,F,F,F,F,R-MAT,50,5,2,gexf
cut,cap,first,R-MAT.50.5.2.gexf,50,F,50,5,"[10, 10, 10, 10]",F,F,F,F,F,F,F,F,F,F,R-MAT,50,5,2,gexf
cut,cap,first,R-MAT.50.10.2.gexf,50,323,2,1,"[14, 14, 14, 14]",29.0,19.0,19.0,inf,2657,0,0,0,0,"[29.0, 19.0]",R-MAT,50,10,2,gexf
cut,cap,first,R-MAT.50.10.2.gexf,50,323,3,2,"[14, 14, 14, 14]",29.0,15.0,15.0,inf,2228,0,0,0,0,"[29.0, 15.0]",R-MAT,50,10,2,gexf
cut,cap,first,R-MAT.50.10.2.gexf,50,323,5,3,"[14, 14, 14, 14]",29.0,11.0,11.0,inf,1928,0,0,0,0,"[29.0, 11.0]",R-MAT,50,10,2,gexf
cut,cap,first,R-MAT.50.10.2.gexf,50,323,10,4,"[14, 14, 14, 14]",29.0,4.0,4.0,inf,3416,0,0,0,0,"[29.0, 4.0]",R-MAT,50,10,2,gexf
cut,cap,first,R-MAT.50.10.2.gexf,50,F,50,5,"[14, 14, 14, 14]",F,F,F,F,F,F,F,F,F,F,R-MAT,50,10,2,gexf
cut,cap,first,R-MAT.50.25.2.gexf,50,566,2,1,"[20, 20, 20, 20]",59.0,36.0,36.0,inf,1866,0,0,0,0,"[59.0, 36.0]",R-MAT,50,25,2,gexf
cut,cap,first,R-MAT.50.25.2.gexf,50,566,3,2,"[20, 20, 20, 20]",59.0,30.0,30.0,inf,565,0,0,0,0,"[59.0, 30.0]",R-MAT,50,25,2,gexf
cut,cap,first,R-MAT.50.25.2.gexf,50,566,5,3,"[20, 20, 20, 20]",59.0,20.0,20.0,inf,906,0,0,0,0,"[59.0, 20.0]",R-MAT,50,25,2,gexf
cut,cap,first,R-MAT.50.25.2.gexf,50,566,10,4,"[20, 20, 20, 20]",59.0,10.0,10.0,inf,1683,0,0,0,0,"[59.0, 10.0]",R-MAT,50,25,2,gexf
cut,cap,first,R-MAT.50.25.2.gexf,50,F,50,5,"[20, 20, 20, 20]",F,F,F,F,F,F,F,F,F,F,R-MAT,50,25,2,gexf
cut,cap,first,R-MAT.50.5.3.gexf,50,197,2,1,"[9, 9, 9, 9]",13.0,8.0,8.0,inf,2732,0,0,0,0,"[13.0, 8.0]",R-MAT,50,5,3,gexf
cut,cap,first,R-MAT.50.5.3.gexf,50,197,3,2,"[9, 9, 9, 9]",13.0,6.0,7.0,6.0,2871,1,0,0,0,"[13.0, 7.0, 6.0]",R-MAT,50,5,3,gexf
cut,cap,first,R-MAT.50.5.3.gexf,50,197,5,3,"[9, 9, 9, 9]",13.0,5.0,5.0,inf,4967,0,0,0,0,"[13.0, 5.0]",R-MAT,50,5,3,gexf
cut,cap,first,R-MAT.50.5.3.gexf,50,F,10,4,"[9, 9, 9, 9]",F,F,F,F,F,F,F,F,F,F,R-MAT,50,5,3,gexf
cut,cap,first,R-MAT.50.5.3.gexf,50,F,50,5,"[9, 9, 9, 9]",F,F,F,F,F,F,F,F,F,F,R-MAT,50,5,3,gexf
cut,cap,first,R-MAT.50.10.3.gexf,50,314,2,1,"[12, 12, 12, 12]",20.0,13.0,13.0,inf,3203,0,0,0,0,"[20.0, 13.0]",R-MAT,50,10,3,gexf
cut,cap,first,R-MAT.50.10.3.gexf,50,314,3,2,"[12, 12, 12, 12]",20.0,11.0,11.0,inf,2535,0,0,0,0,"[20.0, 11.0]",R-MAT,50,10,3,gexf
cut,cap,first,R-MAT.50.10.3.gexf,50,314,5,3,"[12, 12, 12, 12]",20.0,7.0,7.0,inf,2154,0,0,0,0,"[20.0, 7.0]",R-MAT,50,10,3,gexf
cut,cap,first,R-MAT.50.10.3.gexf,50,314,10,4,"[12, 12, 12, 12]",20.0,2.0,2.0,inf,3680,0,0,0,0,"[20.0, 2.0]",R-MAT,50,10,3,gexf
cut,cap,first,R-MAT.50.10.3.gexf,50,F,50,5,"[12, 12, 12, 12]",F,F,F,F,F,F,F,F,F,F,R-MAT,50,10,3,gexf
cut,cap,first,R-MAT.50.25.3.gexf,50,573,2,1,"[24, 24, 24, 24]",68.0,48.0,48.0,inf,356,0,0,0,0,"[68.0, 48.0]",R-MAT,50,25,3,gexf
cut,cap,first,R-MAT.50.25.3.gexf,50,573,3,2,"[24, 24, 24, 24]",68.0,39.0,39.0,inf,343,0,0,0,0,"[68.0, 39.0]",R-MAT,50,25,3,gexf
cut,cap,first,R-MAT.50.25.3.gexf,50,573,5,3,"[24, 24, 24, 24]",68.0,29.0,29.0,inf,1019,0,0,0,0,"[68.0, 29.0]",R-MAT,50,25,3,gexf
cut,cap,first,R-MAT.50.25.3.gexf,50,573,10,4,"[24, 24, 24, 24]",68.0,17.0,17.0,inf,1570,0,0,0,0,"[68.0, 17.0]",R-MAT,50,25,3,gexf
cut,cap,first,R-MAT.50.25.3.gexf,50,F,50,5,"[24, 24, 24, 24]",F,F,F,F,F,F,F,F,F,F,R-MAT,50,25,3,gexf
cut,cap,first,R-MAT.50.5.4.gexf,50,190,2,1,"[7, 7, 7, 7]",7.0,5.0,5.0,inf,5081,0,0,0,0,"[7.0, 5.0]",R-MAT,50,5,4,gexf
cut,cap,first,R-MAT.50.5.4.gexf,50,190,3,2,"[7, 7, 7, 7]",7.0,4.0,4.0,inf,5134,0,0,0,0,"[7.0, 4.0]",R-MAT,50,5,4,gexf
cut,cap,first,R-MAT.50.5.4.gexf,50,190,5,3,"[7, 7, 7, 7]",7.0,2.0,2.0,inf,5337,0,0,0,0,"[7.0, 2.0]",R-MAT,50,5,4,gexf
cut,cap,first,R-MAT.50.5.4.gexf,50,F,10,4,"[7, 7, 7, 7]",F,F,F,F,F,F,F,F,F,F,R-MAT,50,5,4,gexf
cut,cap,first,R-MAT.50.5.4.gexf,50,F,50,5,"[7, 7, 7, 7]",F,F,F,F,F,F,F,F,F,F,R-MAT,50,5,4,gexf
cut,cap,first,R-MAT.50.10.4.gexf,50,324,2,1,"[16, 16, 16, 16]",30.0,20.0,20.0,inf,2748,0,0,0,0,"[30.0, 20.0]",R-MAT,50,10,4,gexf
cut,cap,first,R-MAT.50.10.4.gexf,50,324,3,2,"[16, 16, 16, 16]",30.0,17.0,17.0,inf,1371,0,0,0,0,"[30.0, 17.0]",R-MAT,50,10,4,gexf
cut,cap,first,R-MAT.50.10.4.gexf,50,324,5,3,"[16, 16, 16, 16]",30.0,13.0,13.0,inf,2395,0,0,0,0,"[30.0, 13.0]",R-MAT,50,10,4,gexf
cut,cap,first,R-MAT.50.10.4.gexf,50,324,10,4,"[16, 16, 16, 16]",30.0,7.0,7.0,inf,3402,0,0,0,0,"[30.0, 7.0]",R-MAT,50,10,4,gexf
cut,cap,first,R-MAT.50.10.4.gexf,50,F,50,5,"[16, 16, 16, 16]",F,F,F,F,F,F,F,F,F,F,R-MAT,50,10,4,gexf
cut,cap,first,R-MAT.50.25.4.gexf,50,562,2,1,"[23, 23, 23, 23]",83.0,55.0,55.0,inf,1587,0,0,0,0,"[83.0, 55.0]",R-MAT,50,25,4,gexf
cut,cap,first,R-MAT.50.25.4.gexf,50,562,3,2,"[23, 23, 23, 23]",83.0,48.0,48.0,inf,810,0,0,0,0,"[83.0, 48.0]",R-MAT,50,25,4,gexf
cut,cap,first,R-MAT.50.25.4.gexf,50,562,5,3,"[23, 23, 23, 23]",83.0,38.0,38.0,inf,661,0,0,0,0,"[83.0, 38.0]",R-MAT,50,25,4,gexf
cut,cap,first,R-MAT.50.25.4.gexf,50,562,10,4,"[23, 23, 23, 23]",83.0,21.0,21.0,inf,1104,0,0,0,0,"[83.0, 21.0]",R-MAT,50,25,4,gexf
cut,cap,first,R-MAT.50.25.4.gexf,50,F,50,5,"[23, 23, 23, 23]",F,F,F,F,F,F,F,F,F,F,R-MAT,50,25,4,gexf
cut,cap,first,R-MAT.50.5.5.gexf,50,199,2,1,"[10, 10, 10, 10]",12.0,9.0,10.0,9.0,6024,1,0,0,0,"[12.0, 10.0, 9.0]",R-MAT,50,5,5,gexf
cut,cap,first,R-MAT.50.5.5.gexf,50,199,3,2,"[10, 10, 10, 10]",12.0,9.0,9.0,inf,4361,0,0,0,0,"[12.0, 9.0]",R-MAT,50,5,5,gexf
cut,cap,first,R-MAT.50.5.5.gexf,50,199,5,3,"[10, 10, 10, 10]",12.0,7.0,7.0,inf,4565,0,0,0,0,"[12.0, 7.0]",R-MAT,50,5,5,gexf
cut,cap,first,R-MAT.50.5.5.gexf,50,F,10,4,"[10, 10, 10, 10]",F,F,F,F,F,F,F,F,F,F,R-MAT,50,5,5,gexf
cut,cap,first,R-MAT.50.5.5.gexf,50,F,50,5,"[10, 10, 10, 10]",F,F,F,F,F,F,F,F,F,F,R-MAT,50,5,5,gexf
cut,cap,first,R-MAT.50.10.5.gexf,50,317,2,1,"[17, 17, 17, 17]",24.0,20.0,20.0,inf,1854,0,0,0,0,"[24.0, 20.0]",R-MAT,50,10,5,gexf
cut,cap,first,R-MAT.50.10.5.gexf,50,317,3,2,"[17, 17, 17, 17]",24.0,18.0,18.0,inf,1889,0,0,0,0,"[24.0, 18.0]",R-MAT,50,10,5,gexf
cut,cap,first,R-MAT.50.10.5.gexf,50,317,5,3,"[17, 17, 17, 17]",24.0,15.0,16.0,15.0,3091,1,0,0,0,"[24.0, 16.0, 15.0]",R-MAT,50,10,5,gexf
cut,cap,first,R-MAT.50.10.5.gexf,50,317,10,4,"[17, 17, 17, 17]",24.0,11.0,11.0,inf,3391,0,0,0,0,"[24.0, 11.0]",R-MAT,50,10,5,gexf
cut,cap,first,R-MAT.50.10.5.gexf,50,F,50,5,"[17, 17, 17, 17]",F,F,F,F,F,F,F,F,F,F,R-MAT,50,10,5,gexf
cut,cap,first,R-MAT.50.25.5.gexf,50,596,2,1,"[24, 24, 24, 24]",72.0,52.0,52.0,inf,377,0,0,0,0,"[72.0, 52.0]",R-MAT,50,25,5,gexf
cut,cap,first,R-MAT.50.25.5.gexf,50,596,3,2,"[24, 24, 24, 24]",72.0,45.0,45.0,inf,1683,0,0,0,0,"[72.0, 45.0]",R-MAT,50,25,5,gexf
cut,cap,first,R-MAT.50.25.5.gexf,50,596,5,3,"[24, 24, 24, 24]",72.0,35.0,35.0,inf,741,0,0,0,0,"[72.0, 35.0]",R-MAT,50,25,5,gexf
cut,cap,first,R-MAT.50.25.5.gexf,50,596,10,4,"[24, 24, 24, 24]",72.0,19.0,19.0,inf,934,0,0,0,0,"[72.0, 19.0]",R-MAT,50,25,5,gexf
cut,cap,first,R-MAT.50.25.5.gexf,50,F,50,5,"[24, 24, 24, 24]",F,F,F,F,F,F,F,F,F,F,R-MAT,50,25,5,gexf
cut,cap,first,R-MAT.50.5.6.gexf,50,189,2,1,"[7, 7, 7, 7]",12.0,6.0,6.0,inf,2980,0,0,0,0,"[12.0, 6.0]",R-MAT,50,5,6,gexf
cut,cap,first,R-MAT.50.5.6.gexf,50,189,3,2,"[7, 7, 7, 7]",12.0,4.0,4.0,inf,3203,0,0,0,0,"[12.0, 4.0]",R-MAT,50,5,6,gexf
cut,cap,first,R-MAT.50.5.6.gexf,50,189,5,3,"[7, 7, 7, 7]",12.0,2.0,2.0,inf,5356,0,0,0,0,"[12.0, 2.0]",R-MAT,50,5,6,gexf
cut,cap,first,R-MAT.50.5.6.gexf,50,F,10,4,"[7, 7, 7, 7]",F,F,F,F,F,F,F,F,F,F,R-MAT,50,5,6,gexf
cut,cap,first,R-MAT.50.5.6.gexf,50,F,50,5,"[7, 7, 7, 7]",F,F,F,F,F,F,F,F,F,F,R-MAT,50,5,6,gexf
cut,cap,first,R-MAT.50.10.6.gexf,50,320,2,1,"[19, 19, 19, 19]",29.0,22.0,23.0,22.0,1856,1,0,0,0,"[29.0, 23.0, 22.0]",R-MAT,50,10,6,gexf
cut,cap,first,R-MAT.50.10.6.gexf,50,320,3,2,"[19, 19, 19, 19]",29.0,19.0,21.0,19.0,2280,1,0,0,0,"[29.0, 21.0, 19.0]",R-MAT,50,10,6,gexf
cut,cap,first,R-MAT.50.10.6.gexf,50,320,5,3,"[19, 19, 19, 19]",29.0,15.0,18.0,15.0,1968,1,0,0,0,"[29.0, 18.0, 15.0]",R-MAT,50,10,6,gexf
cut,cap,first,R-MAT.50.10.6.gexf,50,320,10,4,"[19, 19, 19, 19]",29.0,13.0,13.0,inf,3334,0,0,0,0,"[29.0, 13.0]",R-MAT,50,10,6,gexf
cut,cap,first,R-MAT.50.10.6.gexf,50,F,50,5,"[19, 19, 19, 19]",F,F,F,F,F,F,F,F,F,F,R-MAT,50,10,6,gexf
cut,cap,first,R-MAT.50.25.6.gexf,50,553,2,1,"[25, 25, 25, 25]",73.0,52.0,52.0,inf,325,0,0,0,0,"[73.0, 52.0]",R-MAT,50,25,6,gexf
cut,cap,first,R-MAT.50.25.6.gexf,50,553,3,2,"[25, 25, 25, 25]",73.0,46.0,46.0,inf,468,0,0,0,0,"[73.0, 46.0]",R-MAT,50,25,6,gexf
cut,cap,first,R-MAT.50.25.6.gexf,50,553,5,3,"[25, 25, 25, 25]",73.0,35.0,35.0,inf,562,0,0,0,0,"[73.0, 35.0]",R-MAT,50,25,6,gexf
cut,cap,first,R-MAT.50.25.6.gexf,50,553,10,4,"[25, 25, 25, 25]",73.0,17.0,17.0,inf,1309,0,0,0,0,"[73.0, 17.0]",R-MAT,50,25,6,gexf
cut,cap,first,R-MAT.50.25.6.gexf,50,F,50,5,"[25, 25, 25, 25]",F,F,F,F,F,F,F,F,F,F,R-MAT,50,25,6,gexf
cut,cap,first,R-MAT.50.5.7.gexf,50,184,2,1,"[8, 8, 8, 8]",11.0,7.0,9.0,7.0,2179,2,0,0,0,"[11.0, 9.0, 8.0, 7.0]",R-MAT,50,5,7,gexf
cut,cap,first,R-MAT.50.5.7.gexf,50,184,3,2,"[8, 8, 8, 8]",11.0,6.0,8.0,6.0,4785,2,0,0,0,"[11.0, 8.0, 7.0, 6.0]",R-MAT,50,5,7,gexf
cut,cap,first,R-MAT.50.5.7.gexf,50,184,5,3,"[8, 8, 8, 8]",11.0,4.0,6.0,4.0,4816,2,0,0,0,"[11.0, 6.0, 5.0, 4.0]",R-MAT,50,5,7,gexf
cut,cap,first,R-MAT.50.5.7.gexf,50,F,10,4,"[8, 8, 8, 8]",F,F,F,F,F,F,F,F,F,F,R-MAT,50,5,7,gexf
cut,cap,first,R-MAT.50.5.7.gexf,50,F,50,5,"[8, 8, 8, 8]",F,F,F,F,F,F,F,F,F,F,R-MAT,50,5,7,gexf
cut,cap,first,R-MAT.50.10.7.gexf,50,306,2,1,"[15, 15, 15, 15]",30.0,21.0,21.0,inf,1377,0,0,0,0,"[30.0, 21.0]",R-MAT,50,10,7,gexf
cut,cap,first,R-MAT.50.10.7.gexf,50,306,3,2,"[15, 15, 15, 15]",30.0,17.0,19.0,17.0,1234,1,0,0,0,"[30.0, 19.0, 17.0]",R-MAT,50,10,7,gexf
cut,cap,first,R-MAT.50.10.7.gexf,50,306,5,3,"[15, 15, 15, 15]",30.0,13.0,15.0,13.0,1955,2,0,0,0,"[30.0, 15.0, 14.0, 13.0]",R-MAT,50,10,7,gexf
cut,cap,first,R-MAT.50.10.7.gexf,50,306,10,4,"[15, 15, 15, 15]",30.0,10.0,10.0,inf,3278,0,0,0,0,"[30.0, 10.0]",R-MAT,50,10,7,gexf
cut,cap,first,R-MAT.50.10.7.gexf,50,F,50,5,"[15, 15, 15, 15]",F,F,F,F,F,F,F,F,F,F,R-MAT,50,10,7,gexf
cut,cap,first,R-MAT.50.25.7.gexf,50,582,2,1,"[25, 25, 25, 25]",72.0,55.0,55.0,inf,512,0,0,0,0,"[72.0, 55.0]",R-MAT,50,25,7,gexf
cut,cap,first,R-MAT.50.25.7.gexf,50,582,3,2,"[25, 25, 25, 25]",72.0,49.0,49.0,inf,637,0,0,0,0,"[72.0, 49.0]",R-MAT,50,25,7,gexf
cut,cap,first,R-MAT.50.25.7.gexf,50,582,5,3,"[25, 25, 25, 25]",72.0,38.0,38.0,inf,662,0,0,0,0,"[72.0, 38.0]",R-MAT,50,25,7,gexf
cut,cap,first,R-MAT.50.25.7.gexf,50,582,10,4,"[25, 25, 25, 25]",72.0,21.0,21.0,inf,1638,0,0,0,0,"[72.0, 21.0]",R-MAT,50,25,7,gexf
cut,cap,first,R-MAT.50.25.7.gexf,50,F,50,5,"[25, 25, 25, 25]",F,F,F,F,F,F,F,F,F,F,R-MAT,50,25,7,gexf
cut,cap,first,R-MAT.50.5.8.gexf,50,188,2,1,"[7, 7, 7, 7]",9.0,5.0,5.0,inf,3928,0,0,0,0,"[9.0, 5.0]",R-MAT,50,5,8,gexf
cut,cap,first,R-MAT.50.5.8.gexf,50,188,3,2,"[7, 7, 7, 7]",9.0,4.0,4.0,inf,5289,0,0,0,0,"[9.0, 4.0]",R-MAT,50,5,8,gexf
cut,cap,first,R-MAT.50.5.8.gexf,50,188,5,3,"[7, 7, 7, 7]",9.0,2.0,2.0,inf,5452,0,0,0,0,"[9.0, 2.0]",R-MAT,50,5,8,gexf
cut,cap,first,R-MAT.50.5.8.gexf,50,F,10,4,"[7, 7, 7, 7]",F,F,F,F,F,F,F,F,F,F,R-MAT,50,5,8,gexf
cut,cap,first,R-MAT.50.5.8.gexf,50,F,50,5,"[7, 7, 7, 7]",F,F,F,F,F,F,F,F,F,F,R-MAT,50,5,8,gexf
cut,cap,first,R-MAT.50.10.8.gexf,50,301,2,1,"[13, 13, 13, 13]",29.0,19.0,22.0,19.0,1458,2,0,0,0,"[29.0, 22.0, 20.0, 19.0]",R-MAT,50,10,8,gexf
cut,cap,first,R-MAT.50.10.8.gexf,50,301,3,2,"[13, 13, 13, 13]",29.0,20.0,20.0,inf,1809,0,0,0,0,"[29.0, 20.0]",R-MAT,50,10,8,gexf
cut,cap,first,R-MAT.50.10.8.gexf,50,301,5,3,"[13, 13, 13, 13]",29.0,11.0,17.0,11.0,3847,3,0,0,0,"[29.0, 17.0, 16.0, 13.0, 11.0]",R-MAT,50,10,8,gexf
cut,cap,first,R-MAT.50.10.8.gexf,50,301,10,4,"[13, 13, 13, 13]",29.0,12.0,12.0,inf,3153,0,0,0,0,"[29.0, 12.0]",R-MAT,50,10,8,gexf
cut,cap,first,R-MAT.50.10.8.gexf,50,F,50,5,"[13, 13, 13, 13]",F,F,F,F,F,F,F,F,F,F,R-MAT,50,10,8,gexf
cut,cap,first,R-MAT.50.25.8.gexf,50,589,2,1,"[25, 25, 25, 25]",68.0,51.0,51.0,inf,1708,0,0,0,0,"[68.0, 51.0]",R-MAT,50,25,8,gexf
cut,cap,first,R-MAT.50.25.8.gexf,50,589,3,2,"[25, 25, 25, 25]",68.0,45.0,45.0,inf,641,0,0,0,0,"[68.0, 45.0]",R-MAT,50,25,8,gexf
cut,cap,first,R-MAT.50.25.8.gexf,50,589,5,3,"[25, 25, 25, 25]",68.0,37.0,37.0,inf,668,0,0,0,0,"[68.0, 37.0]",R-MAT,50,25,8,gexf
cut,cap,first,R-MAT.50.25.8.gexf,50,589,10,4,"[25, 25, 25, 25]",68.0,22.0,22.0,inf,1325,0,0,0,0,"[68.0, 22.0]",R-MAT,50,25,8,gexf
cut,cap,first,R-MAT.50.25.8.gexf,50,F,50,5,"[25, 25, 25, 25]",F,F,F,F,F,F,F,F,F,F,R-MAT,50,25,8,gexf
cut,cap,first,R-MAT.50.5.9.gexf,50,184,2,1,"[8, 8, 8, 8]",10.0,6.0,6.0,inf,4847,0,0,0,0,"[10.0, 6.0]",R-MAT,50,5,9,gexf
cut,cap,first,R-MAT.50.5.9.gexf,50,184,3,2,"[8, 8, 8, 8]",10.0,5.0,5.0,inf,5082,0,0,0,0,"[10.0, 5.0]",R-MAT,50,5,9,gexf
cut,cap,first,R-MAT.50.5.9.gexf,50,184,5,3,"[8, 8, 8, 8]",10.0,3.0,3.0,inf,5435,0,0,0,0,"[10.0, 3.0]",R-MAT,50,5,9,gexf
cut,cap,first,R-MAT.50.5.9.gexf,50,F,10,4,"[8, 8, 8, 8]",F,F,F,F,F,F,F,F,F,F,R-MAT,50,5,9,gexf
cut,cap,first,R-MAT.50.5.9.gexf,50,F,50,5,"[8, 8, 8, 8]",F,F,F,F,F,F,F,F,F,F,R-MAT,50,5,9,gexf
cut,cap,first,R-MAT.50.10.9.gexf,50,304,2,1,"[17, 17, 17, 17]",38.0,26.0,26.0,inf,1113,0,0,0,0,"[38.0, 26.0]",R-MAT,50,10,9,gexf
cut,cap,first,R-MAT.50.10.9.gexf,50,304,3,2,"[17, 17, 17, 17]",38.0,23.0,23.0,inf,1423,0,0,0,0,"[38.0, 23.0]",R-MAT,50,10,9,gexf
cut,cap,first,R-MAT.50.10.9.gexf,50,304,5,3,"[17, 17, 17, 17]",38.0,17.0,17.0,inf,1635,0,0,0,0,"[38.0, 17.0]",R-MAT,50,10,9,gexf
cut,cap,first,R-MAT.50.10.9.gexf,50,304,10,4,"[17, 17, 17, 17]",38.0,8.0,8.0,inf,3531,0,0,0,0,"[38.0, 8.0]",R-MAT,50,10,9,gexf
cut,cap,first,R-MAT.50.10.9.gexf,50,F,50,5,"[17, 17, 17, 17]",F,F,F,F,F,F,F,F,F,F,R-MAT,50,10,9,gexf
cut,cap,first,R-MAT.50.25.9.gexf,50,600,2,1,"[25, 25, 25, 25]",66.0,49.0,49.0,inf,1498,0,0,0,0,"[66.0, 49.0]",R-MAT,50,25,9,gexf
cut,cap,first,R-MAT.50.25.9.gexf,50,600,3,2,"[25, 25, 25, 25]",66.0,43.0,43.0,inf,738,0,0,0,0,"[66.0, 43.0]",R-MAT,50,25,9,gexf
cut,cap,first,R-MAT.50.25.9.gexf,50,600,5,3,"[25, 25, 25, 25]",66.0,33.0,33.0,inf,615,0,0,0,0,"[66.0, 33.0]",R-MAT,50,25,9,gexf
cut,cap,first,R-MAT.50.25.9.gexf,50,600,10,4,"[25, 25, 25, 25]",66.0,19.0,19.0,inf,1195,0,0,0,0,"[66.0, 19.0]",R-MAT,50,25,9,gexf
cut,cap,first,R-MAT.50.25.9.gexf,50,F,50,5,"[25, 25, 25, 25]",F,F,F,F,F,F,F,F,F,F,R-MAT,50,25,9,gexf
cut,cap,first,R-MAT.50.5.10.gexf,50,187,2,1,"[9, 9, 9, 9]",17.0,10.0,11.0,10.0,1962,1,0,0,0,"[17.0, 11.0, 10.0]",R-MAT,50,5,10,gexf
cut,cap,first,R-MAT.50.5.10.gexf,50,187,3,2,"[9, 9, 9, 9]",17.0,8.0,9.0,8.0,4131,1,0,0,0,"[17.0, 9.0, 8.0]",R-MAT,50,5,10,gexf
cut,cap,first,R-MAT.50.5.10.gexf,50,187,5,3,"[9, 9, 9, 9]",17.0,4.0,7.0,4.0,3085,2,0,0,0,"[17.0, 7.0, 5.0, 4.0]",R-MAT,50,5,10,gexf
cut,cap,first,R-MAT.50.5.10.gexf,50,F,10,4,"[9, 9, 9, 9]",F,F,F,F,F,F,F,F,F,F,R-MAT,50,5,10,gexf
cut,cap,first,R-MAT.50.5.10.gexf,50,F,50,5,"[9, 9, 9, 9]",F,F,F,F,F,F,F,F,F,F,R-MAT,50,5,10,gexf
cut,cap,first,R-MAT.50.10.10.gexf,50,328,2,1,"[16, 16, 16, 16]",27.0,20.0,20.0,inf,2998,0,0,0,0,"[27.0, 20.0]",R-MAT,50,10,10,gexf
cut,cap,first,R-MAT.50.10.10.gexf,50,328,3,2,"[16, 16, 16, 16]",27.0,17.0,17.0,inf,3079,0,0,0,0,"[27.0, 17.0]",R-MAT,50,10,10,gexf
cut,cap,first,R-MAT.50.10.10.gexf,50,328,5,3,"[16, 16, 16, 16]",27.0,12.0,13.0,12.0,1943,1,0,0,0,"[27.0, 13.0, 12.0]",R-MAT,50,10,10,gexf
cut,cap,first,R-MAT.50.10.10.gexf,50,328,10,4,"[16, 16, 16, 16]",27.0,6.0,8.0,6.0,3308,1,0,0,0,"[27.0, 8.0, 6.0]",R-MAT,50,10,10,gexf
cut,cap,first,R-MAT.50.10.10.gexf,50,F,50,5,"[16, 16, 16, 16]",F,F,F,F,F,F,F,F,F,F,R-MAT,50,10,10,gexf
cut,cap,first,R-MAT.50.25.10.gexf,50,570,2,1,"[21, 21, 21, 21]",70.0,55.0,55.0,inf,517,0,0,0,0,"[70.0, 55.0]",R-MAT,50,25,10,gexf
cut,cap,first,R-MAT.50.25.10.gexf,50,570,3,2,"[21, 21, 21, 21]",70.0,49.0,49.0,inf,536,0,0,0,0,"[70.0, 49.0]",R-MAT,50,25,10,gexf
cut,cap,first,R-MAT.50.25.10.gexf,50,570,5,3,"[21, 21, 21, 21]",70.0,39.0,39.0,inf,748,0,0,0,0,"[70.0, 39.0]",R-MAT,50,25,10,gexf
cut,cap,first,R-MAT.50.25.10.gexf,50,570,10,4,"[21, 21, 21, 21]",70.0,20.0,20.0,inf,911,0,0,0,0,"[70.0, 20.0]",R-MAT,50,25,10,gexf
cut,cap,first,R-MAT.50.25.10.gexf,50,F,50,5,"[21, 21, 21, 21]",F,F,F,F,F,F,F,F,F,F,R-MAT,50,25,10,gexf
cut,cap,first,R-MAT.50.5.11.gexf,50,192,2,1,"[7, 7, 7, 7]",10.0,5.0,8.0,5.0,2942,2,0,0,0,"[10.0, 8.0, 6.0, 5.0]",R-MAT,50,5,11,gexf
cut,cap,first,R-MAT.50.5.11.gexf,50,192,3,2,"[7, 7, 7, 7]",10.0,5.0,7.0,5.0,4715,1,0,0,0,"[10.0, 7.0, 5.0]",R-MAT,50,5,11,gexf
cut,cap,first,R-MAT.50.5.11.gexf,50,192,5,3,"[7, 7, 7, 7]",10.0,5.0,5.0,inf,5112,0,0,0,0,"[10.0, 5.0]",R-MAT,50,5,11,gexf
cut,cap,first,R-MAT.50.5.11.gexf,50,F,10,4,"[7, 7, 7, 7]",F,F,F,F,F,F,F,F,F,F,R-MAT,50,5,11,gexf
cut,cap,first,R-MAT.50.5.11.gexf,50,F,50,5,"[7, 7, 7, 7]",F,F,F,F,F,F,F,F,F,F,R-MAT,50,5,11,gexf
cut,cap,first,R-MAT.50.10.11.gexf,50,319,2,1,"[16, 16, 16, 16]",24.0,17.0,17.0,inf,3176,0,0,0,0,"[24.0, 17.0]",R-MAT,50,10,11,gexf
cut,cap,first,R-MAT.50.10.11.gexf,50,319,3,2,"[16, 16, 16, 16]",24.0,15.0,15.0,inf,2562,0,0,0,0,"[24.0, 15.0]",R-MAT,50,10,11,gexf
cut,cap,first,R-MAT.50.10.11.gexf,50,319,5,3,"[16, 16, 16, 16]",24.0,11.0,11.0,inf,2588,0,0,0,0,"[24.0, 11.0]",R-MAT,50,10,11,gexf
cut,cap,first,R-MAT.50.10.11.gexf,50,319,10,4,"[16, 16, 16, 16]",24.0,6.0,6.0,inf,3488,0,0,0,0,"[24.0, 6.0]",R-MAT,50,10,11,gexf
cut,cap,first,R-MAT.50.10.11.gexf,50,F,50,5,"[16, 16, 16, 16]",F,F,F,F,F,F,F,F,F,F,R-MAT,50,10,11,gexf
cut,cap,first,R-MAT.50.25.11.gexf,50,583,2,1,"[23, 23, 23, 23]",58.0,44.0,44.0,inf,398,0,0,0,0,"[58.0, 44.0]",R-MAT,50,25,11,gexf
cut,cap,first,R-MAT.50.25.11.gexf,50,583,3,2,"[23, 23, 23, 23]",58.0,39.0,39.0,inf,656,0,0,0,0,"[58.0, 39.0]",R-MAT,50,25,11,gexf
cut,cap,first,R-MAT.50.25.11.gexf,50,583,5,3,"[23, 23, 23, 23]",58.0,30.0,30.0,inf,682,0,0,0,0,"[58.0, 30.0]",R-MAT,50,25,11,gexf
cut,cap,first,R-MAT.50.25.11.gexf,50,583,10,4,"[23, 23, 23, 23]",58.0,15.0,16.0,15.0,1223,1,0,0,0,"[58.0, 16.0, 15.0]",R-MAT,50,25,11,gexf
cut,cap,first,R-MAT.50.25.11.gexf,50,F,50,5,"[23, 23, 23, 23]",F,F,F,F,F,F,F,F,F,F,R-MAT,50,25,11,gexf
cut,cap,first,R-MAT.50.5.12.gexf,50,173,2,1,"[11, 11, 11, 11]",18.0,10.0,12.0,10.0,4376,1,0,0,0,"[18.0, 12.0, 10.0]",R-MAT,50,5,12,gexf
cut,cap,first,R-MAT.50.5.12.gexf,50,173,3,2,"[11, 11, 11, 11]",18.0,10.0,11.0,10.0,6408,1,0,0,0,"[18.0, 11.0, 10.0]",R-MAT,50,5,12,gexf
cut,cap,first,R-MAT.50.5.12.gexf,50,173,5,3,"[11, 11, 11, 11]",18.0,8.0,9.0,8.0,4717,1,0,0,0,"[18.0, 9.0, 8.0]",R-MAT,50,5,12,gexf
cut,cap,first,R-MAT.50.5.12.gexf,50,173,10,4,"[11, 11, 11, 11]",18.0,4.0,4.0,inf,5550,0,0,0,0,"[18.0, 4.0]",R-MAT,50,5,12,gexf
cut,cap,first,R-MAT.50.5.12.gexf,50,F,50,5,"[11, 11, 11, 11]",F,F,F,F,F,F,F,F,F,F,R-MAT,50,5,12,gexf
cut,cap,first,R-MAT.50.10.12.gexf,50,332,2,1,"[14, 14, 14, 14]",31.0,20.0,20.0,inf,1005,0,0,0,0,"[31.0, 20.0]",R-MAT,50,10,12,gexf
cut,cap,first,R-MAT.50.10.12.gexf,50,332,3,2,"[14, 14, 14, 14]",31.0,16.0,18.0,16.0,1092,1,0,0,0,"[31.0, 18.0, 16.0]",R-MAT,50,10,12,gexf
cut,cap,first,R-MAT.50.10.12.gexf,50,332,5,3,"[14, 14, 14, 14]",31.0,12.0,14.0,12.0,1872,1,0,0,0,"[31.0, 14.0, 12.0]",R-MAT,50,10,12,gexf
cut,cap,first,R-MAT.50.10.12.gexf,50,332,10,4,"[14, 14, 14, 14]",31.0,8.0,8.0,inf,3248,0,0,0,0,"[31.0, 8.0]",R-MAT,50,10,12,gexf
cut,cap,first,R-MAT.50.10.12.gexf,50,F,50,5,"[14, 14, 14, 14]",F,F,F,F,F,F,F,F,F,F,R-MAT,50,10,12,gexf
cut,cap,first,R-MAT.50.25.12.gexf,50,577,2,1,"[25, 25, 25, 25]",77.0,59.0,59.0,inf,743,0,0,0,0,"[77.0, 59.0]",R-MAT,50,25,12,gexf
cut,cap,first,R-MAT.50.25.12.gexf,50,577,3,2,"[25, 25, 25, 25]",77.0,53.0,53.0,inf,1550,0,0,0,0,"[77.0, 53.0]",R-MAT,50,25,12,gexf
cut,cap,first,R-MAT.50.25.12.gexf,50,577,5,3,"[25, 25, 25, 25]",77.0,43.0,43.0,inf,533,0,0,0,0,"[77.0, 43.0]",R-MAT,50,25,12,gexf
cut,cap,first,R-MAT.50.25.12.gexf,50,577,10,4,"[25, 25, 25, 25]",77.0,26.0,26.0,inf,932,0,0,0,0,"[77.0, 26.0]",R-MAT,50,25,12,gexf
cut,cap,first,R-MAT.50.25.12.gexf,50,F,50,5,"[25, 25, 25, 25]",F,F,F,F,F,F,F,F,F,F,R-MAT,50,25,12,gexf
cut,cap,first,R-MAT.50.5.13.gexf,50,186,2,1,"[8, 8, 8, 8]",11.0,7.0,8.0,7.0,3254,1,0,0,0,"[11.0, 8.0, 7.0]",R-MAT,50,5,13,gexf
cut,cap,first,R-MAT.50.5.13.gexf,50,186,3,2,"[8, 8, 8, 8]",11.0,5.0,7.0,5.0,3250,2,0,0,0,"[11.0, 7.0, 6.0, 5.0]",R-MAT,50,5,13,gexf
cut,cap,first,R-MAT.50.5.13.gexf,50,186,5,3,"[8, 8, 8, 8]",11.0,3.0,5.0,3.0,4837,2,0,0,0,"[11.0, 5.0, 4.0, 3.0]",R-MAT,50,5,13,gexf
cut,cap,first,R-MAT.50.5.13.gexf,50,F,10,4,"[8, 8, 8, 8]",F,F,F,F,F,F,F,F,F,F,R-MAT,50,5,13,gexf
cut,cap,first,R-MAT.50.5.13.gexf,50,F,50,5,"[8, 8, 8, 8]",F,F,F,F,F,F,F,F,F,F,R-MAT,50,5,13,gexf
cut,cap,first,R-MAT.50.10.13.gexf,50,314,2,1,"[15, 15, 15, 15]",30.0,19.0,21.0,19.0,2834,1,0,0,0,"[30.0, 21.0, 19.0]",R-MAT,50,10,13,gexf
cut,cap,first,R-MAT.50.10.13.gexf,50,314,3,2,"[15, 15, 15, 15]",30.0,14.0,19.0,14.0,2925,2,0,0,0,"[30.0, 19.0, 16.0, 14.0]",R-MAT,50,10,13,gexf
cut,cap,first,R-MAT.50.10.13.gexf,50,314,5,3,"[15, 15, 15, 15]",30.0,12.0,15.0,12.0,2000,2,0,0,0,"[30.0, 15.0, 14.0, 12.0]",R-MAT,50,10,13,gexf
cut,cap,first,R-MAT.50.10.13.gexf,50,314,10,4,"[15, 15, 15, 15]",30.0,9.0,9.0,inf,3270,0,0,0,0,"[30.0, 9.0]",R-MAT,50,10,13,gexf
cut,cap,first,R-MAT.50.10.13.gexf,50,F,50,5,"[15, 15, 15, 15]",F,F,F,F,F,F,F,F,F,F,R-MAT,50,10,13,gexf
cut,cap,first,R-MAT.50.25.13.gexf,50,576,2,1,"[25, 25, 25, 25]",81.0,61.0,61.0,inf,304,0,0,0,0,"[81.0, 61.0]",R-MAT,50,25,13,gexf
cut,cap,first,R-MAT.50.25.13.gexf,50,576,3,2,"[25, 25, 25, 25]",81.0,53.0,53.0,inf,785,0,0,0,0,"[81.0, 53.0]",R-MAT,50,25,13,gexf
cut,cap,first,R-MAT.50.25.13.gexf,50,576,5,3,"[25, 25, 25, 25]",81.0,43.0,43.0,inf,717,0,0,0,0,"[81.0, 43.0]",R-MAT,50,25,13,gexf
cut,cap,first,R-MAT.50.25.13.gexf,50,576,10,4,"[25, 25, 25, 25]",81.0,24.0,24.0,inf,968,0,0,0,0,"[81.0, 24.0]",R-MAT,50,25,13,gexf
cut,cap,first,R-MAT.50.25.13.gexf,50,F,50,5,"[25, 25, 25, 25]",F,F,F,F,F,F,F,F,F,F,R-MAT,50,25,13,gexf
cut,cap,first,R-MAT.50.5.14.gexf,50,187,2,1,"[7, 7, 7, 7]",7.0,5.0,5.0,inf,5152,0,0,0,0,"[7.0, 5.0]",R-MAT,50,5,14,gexf
cut,cap,first,R-MAT.50.5.14.gexf,50,187,3,2,"[7, 7, 7, 7]",7.0,4.0,4.0,inf,5183,0,0,0,0,"[7.0, 4.0]",R-MAT,50,5,14,gexf
cut,cap,first,R-MAT.50.5.14.gexf,50,187,5,3,"[7, 7, 7, 7]",7.0,2.0,2.0,inf,5375,0,0,0,0,"[7.0, 2.0]",R-MAT,50,5,14,gexf
cut,cap,first,R-MAT.50.5.14.gexf,50,F,10,4,"[7, 7, 7, 7]",F,F,F,F,F,F,F,F,F,F,R-MAT,50,5,14,gexf
cut,cap,first,R-MAT.50.5.14.gexf,50,F,50,5,"[7, 7, 7, 7]",F,F,F,F,F,F,F,F,F,F,R-MAT,50,5,14,gexf
cut,cap,first,R-MAT.50.10.14.gexf,50,324,2,1,"[16, 16, 16, 16]",37.0,26.0,30.0,26.0,1017,2,0,0,0,"[37.0, 30.0, 28.0, 26.0]",R-MAT,50,10,14,gexf
cut,cap,first,R-MAT.50.10.14.gexf,50,324,3,2,"[16, 16, 16, 16]",37.0,22.0,27.0,22.0,1306,2,0,0,0,"[37.0, 27.0, 25.0, 22.0]",R-MAT,50,10,14,gexf
cut,cap,first,R-MAT.50.10.14.gexf,50,324,5,3,"[16, 16, 16, 16]",37.0,23.0,23.0,inf,1726,0,0,0,0,"[37.0, 23.0]",R-MAT,50,10,14,gexf
cut,cap,first,R-MAT.50.10.14.gexf,50,324,10,4,"[16, 16, 16, 16]",37.0,10.0,17.0,10.0,2071,5,0,0,0,"[37.0, 17.0, 16.0, 15.0, 13.0, 11.0, 10.0]",R-MAT,50,10,14,gexf
cut,cap,first,R-MAT.50.10.14.gexf,50,F,50,5,"[16, 16, 16, 16]",F,F,F,F,F,F,F,F,F,F,R-MAT,50,10,14,gexf
cut,cap,first,R-MAT.50.25.14.gexf,50,582,2,1,"[27, 27, 27, 27]",66.0,47.0,47.0,inf,1837,0,0,0,0,"[66.0, 47.0]",R-MAT,50,25,14,gexf
cut,cap,first,R-MAT.50.25.14.gexf,50,582,3,2,"[27, 27, 27, 27]",66.0,42.0,42.0,inf,554,0,0,0,0,"[66.0, 42.0]",R-MAT,50,25,14,gexf
cut,cap,first,R-MAT.50.25.14.gexf,50,582,5,3,"[27, 27, 27, 27]",66.0,34.0,34.0,inf,868,0,0,0,0,"[66.0, 34.0]",R-MAT,50,25,14,gexf
cut,cap,first,R-MAT.50.25.14.gexf,50,582,10,4,"[27, 27, 27, 27]",66.0,18.0,18.0,inf,906,0,0,0,0,"[66.0, 18.0]",R-MAT,50,25,14,gexf
cut,cap,first,R-MAT.50.25.14.gexf,50,F,50,5,"[27, 27, 27, 27]",F,F,F,F,F,F,F,F,F,F,R-MAT,50,25,14,gexf
cut,cap,first,R-MAT.50.5.15.gexf,50,190,2,1,"[5, 5, 5, 5]",6.0,3.0,3.0,inf,5205,0,0,0,0,"[6.0, 3.0]",R-MAT,50,5,15,gexf
cut,cap,first,R-MAT.50.5.15.gexf,50,190,3,2,"[5, 5, 5, 5]",6.0,2.0,2.0,inf,5240,0,0,0,0,"[6.0, 2.0]",R-MAT,50,5,15,gexf
cut,cap,first,R-MAT.50.5.15.gexf,50,F,5,3,"[5, 5, 5, 5]",F,F,F,F,F,F,F,F,F,F,R-MAT,50,5,15,gexf
cut,cap,first,R-MAT.50.5.15.gexf,50,F,10,4,"[5, 5, 5, 5]",F,F,F,F,F,F,F,F,F,F,R-MAT,50,5,15,gexf
cut,cap,first,R-MAT.50.5.15.gexf,50,F,50,5,"[5, 5, 5, 5]",F,F,F,F,F,F,F,F,F,F,R-MAT,50,5,15,gexf
cut,cap,first,R-MAT.50.10.15.gexf,50,320,2,1,"[17, 17, 17, 17]",29.0,22.0,22.0,inf,2667,0,0,0,0,"[29.0, 22.0]",R-MAT,50,10,15,gexf
cut,cap,first,R-MAT.50.10.15.gexf,50,320,3,2,"[17, 17, 17, 17]",29.0,20.0,20.0,inf,1778,0,0,0,0,"[29.0, 20.0]",R-MAT,50,10,15,gexf
cut,cap,first,R-MAT.50.10.15.gexf,50,320,5,3,"[17, 17, 17, 17]",29.0,18.0,18.0,inf,2781,0,0,0,0,"[29.0, 18.0]",R-MAT,50,10,15,gexf
cut,cap,first,R-MAT.50.10.15.gexf,50,320,10,4,"[17, 17, 17, 17]",29.0,13.0,13.0,inf,2937,0,0,0,0,"[29.0, 13.0]",R-MAT,50,10,15,gexf
cut,cap,first,R-MAT.50.10.15.gexf,50,F,50,5,"[17, 17, 17, 17]",F,F,F,F,F,F,F,F,F,F,R-MAT,50,10,15,gexf
cut,cap,first,R-MAT.50.25.15.gexf,50,569,2,1,"[18, 18, 18, 18]",59.0,40.0,40.0,inf,1685,0,0,0,0,"[59.0, 40.0]",R-MAT,50,25,15,gexf
cut,cap,first,R-MAT.50.25.15.gexf,50,569,3,2,"[18, 18, 18, 18]",59.0,34.0,34.0,inf,842,0,0,0,0,"[59.0, 34.0]",R-MAT,50,25,15,gexf
cut,cap,first,R-MAT.50.25.15.gexf,50,569,5,3,"[18, 18, 18, 18]",59.0,24.0,24.0,inf,564,0,0,0,0,"[59.0, 24.0]",R-MAT,50,25,15,gexf
cut,cap,first,R-MAT.50.25.15.gexf,50,569,10,4,"[18, 18, 18, 18]",59.0,9.0,9.0,inf,1295,0,0,0,0,"[59.0, 9.0]",R-MAT,50,25,15,gexf
cut,cap,first,R-MAT.50.25.15.gexf,50,F,50,5,"[18, 18, 18, 18]",F,F,F,F,F,F,F,F,F,F,R-MAT,50,25,15,gexf
cut,cap,first,R-MAT.50.5.16.gexf,50,190,2,1,"[11, 11, 11, 11]",16.0,11.0,12.0,11.0,2654,1,0,0,0,"[16.0, 12.0, 11.0]",R-MAT,50,5,16,gexf
cut,cap,first,R-MAT.50.5.16.gexf,50,190,3,2,"[11, 11, 11, 11]",16.0,9.0,11.0,9.0,2683,2,0,0,0,"[16.0, 11.0, 10.0, 9.0]",R-MAT,50,5,16,gexf
cut,cap,first,R-MAT.50.5.16.gexf,50,190,5,3,"[11, 11, 11, 11]",16.0,7.0,9.0,7.0,4414,2,0,0,0,"[16.0, 9.0, 8.0, 7.0]",R-MAT,50,5,16,gexf
cut,cap,first,R-MAT.50.5.16.gexf,50,190,10,4,"[11, 11, 11, 11]",16.0,4.0,4.0,inf,4954,0,0,0,0,"[16.0, 4.0]",R-MAT,50,5,16,gexf
cut,cap,first,R-MAT.50.5.16.gexf,50,F,50,5,"[11, 11, 11, 11]",F,F,F,F,F,F,F,F,F,F,R-MAT,50,5,16,gexf
cut,cap,first,R-MAT.50.10.16.gexf,50,304,2,1,"[14, 14, 14, 14]",24.0,18.0,18.0,inf,3043,0,0,0,0,"[24.0, 18.0]",R-MAT,50,10,16,gexf
cut,cap,first,R-MAT.50.10.16.gexf,50,304,3,2,"[14, 14, 14, 14]",24.0,15.0,16.0,15.0,2986,1,0,0,0,"[24.0, 16.0, 15.0]",R-MAT,50,10,16,gexf
cut,cap,first,R-MAT.50.10.16.gexf,50,304,5,3,"[14, 14, 14, 14]",24.0,11.0,12.0,11.0,2029,1,0,0,0,"[24.0, 12.0, 11.0]",R-MAT,50,10,16,gexf
cut,cap,first,R-MAT.50.10.16.gexf,50,304,10,4,"[14, 14, 14, 14]",24.0,5.0,6.0,5.0,3447,1,0,0,0,"[24.0, 6.0, 5.0]",R-MAT,50,10,16,gexf
cut,cap,first,R-MAT.50.10.16.gexf,50,F,50,5,"[14, 14, 14, 14]",F,F,F,F,F,F,F,F,F,F,R-MAT,50,10,16,gexf
cut,cap,first,R-MAT.50.25.16.gexf,50,572,2,1,"[24, 24, 24, 24]",60.0,46.0,46.0,inf,640,0,0,0,0,"[60.0, 46.0]",R-MAT,50,25,16,gexf
cut,cap,first,R-MAT.50.25.16.gexf,50,572,3,2,"[24, 24, 24, 24]",60.0,42.0,42.0,inf,658,0,0,0,0,"[60.0, 42.0]",R-MAT,50,25,16,gexf
cut,cap,first,R-MAT.50.25.16.gexf,50,572,5,3,"[24, 24, 24, 24]",60.0,34.0,34.0,inf,781,0,0,0,0,"[60.0, 34.0]",R-MAT,50,25,16,gexf
cut,cap,first,R-MAT.50.25.16.gexf,50,572,10,4,"[24, 24, 24, 24]",60.0,18.0,20.0,18.0,1109,2,0,0,0,"[60.0, 20.0, 19.0, 18.0]",R-MAT,50,25,16,gexf
cut,cap,first,R-MAT.50.25.16.gexf,50,F,50,5,"[24, 24, 24, 24]",F,F,F,F,F,F,F,F,F,F,R-MAT,50,25,16,gexf
cut,cap,first,R-MAT.50.5.17.gexf,50,197,2,1,"[8, 8, 8, 8]",9.0,6.0,6.0,inf,4902,0,0,0,0,"[9.0, 6.0]",R-MAT,50,5,17,gexf
cut,cap,first,R-MAT.50.5.17.gexf,50,197,3,2,"[8, 8, 8, 8]",9.0,5.0,5.0,inf,4965,0,0,0,0,"[9.0, 5.0]",R-MAT,50,5,17,gexf
cut,cap,first,R-MAT.50.5.17.gexf,50,197,5,3,"[8, 8, 8, 8]",9.0,3.0,3.0,inf,5190,0,0,0,0,"[9.0, 3.0]",R-MAT,50,5,17,gexf
cut,cap,first,R-MAT.50.5.17.gexf,50,F,10,4,"[8, 8, 8, 8]",F,F,F,F,F,F,F,F,F,F,R-MAT,50,5,17,gexf
cut,cap,first,R-MAT.50.5.17.gexf,50,F,50,5,"[8, 8, 8, 8]",F,F,F,F,F,F,F,F,F,F,R-MAT,50,5,17,gexf
cut,cap,first,R-MAT.50.10.17.gexf,50,309,2,1,"[13, 13, 13, 13]",23.0,14.0,14.0,inf,1110,0,0,0,0,"[23.0, 14.0]",R-MAT,50,10,17,gexf
cut,cap,first,R-MAT.50.10.17.gexf,50,309,3,2,"[13, 13, 13, 13]",23.0,12.0,12.0,inf,1961,0,0,0,0,"[23.0, 12.0]",R-MAT,50,10,17,gexf
cut,cap,first,R-MAT.50.10.17.gexf,50,309,5,3,"[13, 13, 13, 13]",23.0,8.0,8.0,inf,2015,0,0,0,0,"[23.0, 8.0]",R-MAT,50,10,17,gexf
cut,cap,first,R-MAT.50.10.17.gexf,50,309,10,4,"[13, 13, 13, 13]",23.0,3.0,3.0,inf,3597,0,0,0,0,"[23.0, 3.0]",R-MAT,50,10,17,gexf
cut,cap,first,R-MAT.50.10.17.gexf,50,F,50,5,"[13, 13, 13, 13]",F,F,F,F,F,F,F,F,F,F,R-MAT,50,10,17,gexf
cut,cap,first,R-MAT.50.25.17.gexf,50,564,2,1,"[23, 23, 23, 23]",71.0,52.0,52.0,inf,354,0,0,0,0,"[71.0, 52.0]",R-MAT,50,25,17,gexf
cut,cap,first,R-MAT.50.25.17.gexf,50,564,3,2,"[23, 23, 23, 23]",71.0,47.0,47.0,inf,1552,0,0,0,0,"[71.0, 47.0]",R-MAT,50,25,17,gexf
cut,cap,first,R-MAT.50.25.17.gexf,50,564,5,3,"[23, 23, 23, 23]",71.0,38.0,38.0,inf,1583,0,0,0,0,"[71.0, 38.0]",R-MAT,50,25,17,gexf
cut,cap,first,R-MAT.50.25.17.gexf,50,564,10,4,"[23, 23, 23, 23]",71.0,21.0,21.0,inf,1108,0,0,0,0,"[71.0, 21.0]",R-MAT,50,25,17,gexf
cut,cap,first,R-MAT.50.25.17.gexf,50,F,50,5,"[23, 23, 23, 23]",F,F,F,F,F,F,F,F,F,F,R-MAT,50,25,17,gexf
cut,cap,first,R-MAT.50.5.18.gexf,50,184,2,1,"[9, 9, 9, 9]",10.0,7.0,7.0,inf,5076,0,0,0,0,"[10.0, 7.0]",R-MAT,50,5,18,gexf
cut,cap,first,R-MAT.50.5.18.gexf,50,184,3,2,"[9, 9, 9, 9]",10.0,6.0,6.0,inf,5167,0,0,0,0,"[10.0, 6.0]",R-MAT,50,5,18,gexf
cut,cap,first,R-MAT.50.5.18.gexf,50,184,5,3,"[9, 9, 9, 9]",10.0,4.0,4.0,inf,5262,0,0,0,0,"[10.0, 4.0]",R-MAT,50,5,18,gexf
cut,cap,first,R-MAT.50.5.18.gexf,50,F,10,4,"[9, 9, 9, 9]",F,F,F,F,F,F,F,F,F,F,R-MAT,50,5,18,gexf
cut,cap,first,R-MAT.50.5.18.gexf,50,F,50,5,"[9, 9, 9, 9]",F,F,F,F,F,F,F,F,F,F,R-MAT,50,5,18,gexf
cut,cap,first,R-MAT.50.10.18.gexf,50,317,2,1,"[11, 11, 11, 11]",18.0,9.0,9.0,inf,3329,0,0,0,0,"[18.0, 9.0]",R-MAT,50,10,18,gexf
cut,cap,first,R-MAT.50.10.18.gexf,50,317,3,2,"[11, 11, 11, 11]",18.0,8.0,8.0,inf,3316,0,0,0,0,"[18.0, 8.0]",R-MAT,50,10,18,gexf
cut,cap,first,R-MAT.50.10.18.gexf,50,317,5,3,"[11, 11, 11, 11]",18.0,6.0,6.0,inf,3419,0,0,0,0,"[18.0, 6.0]",R-MAT,50,10,18,gexf
cut,cap,first,R-MAT.50.10.18.gexf,50,317,10,4,"[11, 11, 11, 11]",18.0,1.0,1.0,inf,3604,0,0,0,0,"[18.0, 1.0]",R-MAT,50,10,18,gexf
cut,cap,first,R-MAT.50.10.18.gexf,50,F,50,5,"[11, 11, 11, 11]",F,F,F,F,F,F,F,F,F,F,R-MAT,50,10,18,gexf
cut,cap,first,R-MAT.50.25.18.gexf,50,589,2,1,"[20, 20, 20, 20]",66.0,53.0,53.0,inf,1610,0,0,0,0,"[66.0, 53.0]",R-MAT,50,25,18,gexf
cut,cap,first,R-MAT.50.25.18.gexf,50,589,3,2,"[20, 20, 20, 20]",66.0,47.0,47.0,inf,694,0,0,0,0,"[66.0, 47.0]",R-MAT,50,25,18,gexf
cut,cap,first,R-MAT.50.25.18.gexf,50,589,5,3,"[20, 20, 20, 20]",66.0,37.0,37.0,inf,539,0,0,0,0,"[66.0, 37.0]",R-MAT,50,25,18,gexf
cut,cap,first,R-MAT.50.25.18.gexf,50,589,10,4,"[20, 20, 20, 20]",66.0,16.0,16.0,inf,842,0,0,0,0,"[66.0, 16.0]",R-MAT,50,25,18,gexf
cut,cap,first,R-MAT.50.25.18.gexf,50,F,50,5,"[20, 20, 20, 20]",F,F,F,F,F,F,F,F,F,F,R-MAT,50,25,18,gexf
cut,cap,first,R-MAT.50.5.19.gexf,50,187,2,1,"[6, 6, 6, 6]",9.0,4.0,4.0,inf,5105,0,0,0,0,"[9.0, 4.0]",R-MAT,50,5,19,gexf
cut,cap,first,R-MAT.50.5.19.gexf,50,187,3,2,"[6, 6, 6, 6]",9.0,3.0,3.0,inf,5213,0,0,0,0,"[9.0, 3.0]",R-MAT,50,5,19,gexf
cut,cap,first,R-MAT.50.5.19.gexf,50,187,5,3,"[6, 6, 6, 6]",9.0,1.0,1.0,inf,5517,0,0,0,0,"[9.0, 1.0]",R-MAT,50,5,19,gexf
cut,cap,first,R-MAT.50.5.19.gexf,50,F,10,4,"[6, 6, 6, 6]",F,F,F,F,F,F,F,F,F,F,R-MAT,50,5,19,gexf
cut,cap,first,R-MAT.50.5.19.gexf,50,F,50,5,"[6, 6, 6, 6]",F,F,F,F,F,F,F,F,F,F,R-MAT,50,5,19,gexf
cut,cap,first,R-MAT.50.10.19.gexf,50,305,2,1,"[16, 16, 16, 16]",31.0,21.0,21.0,inf,1546,0,0,0,0,"[31.0, 21.0]",R-MAT,50,10,19,gexf
cut,cap,first,R-MAT.50.10.19.gexf,50,305,3,2,"[16, 16, 16, 16]",31.0,18.0,18.0,inf,1387,0,0,0,0,"[31.0, 18.0]",R-MAT,50,10,19,gexf
cut,cap,first,R-MAT.50.10.19.gexf,50,305,5,3,"[16, 16, 16, 16]",31.0,13.0,13.0,inf,2054,0,0,0,0,"[31.0, 13.0]",R-MAT,50,10,19,gexf
cut,cap,first,R-MAT.50.10.19.gexf,50,305,10,4,"[16, 16, 16, 16]",31.0,6.0,6.0,inf,3537,0,0,0,0,"[31.0, 6.0]",R-MAT,50,10,19,gexf
cut,cap,first,R-MAT.50.10.19.gexf,50,F,50,5,"[16, 16, 16, 16]",F,F,F,F,F,F,F,F,F,F,R-MAT,50,10,19,gexf
cut,cap,first,R-MAT.50.25.19.gexf,50,564,2,1,"[23, 23, 23, 23]",76.0,57.0,57.0,inf,401,0,0,0,0,"[76.0, 57.0]",R-MAT,50,25,19,gexf
cut,cap,first,R-MAT.50.25.19.gexf,50,564,3,2,"[23, 23, 23, 23]",76.0,49.0,49.0,inf,402,0,0,0,0,"[76.0, 49.0]",R-MAT,50,25,19,gexf
cut,cap,first,R-MAT.50.25.19.gexf,50,564,5,3,"[23, 23, 23, 23]",76.0,38.0,38.0,inf,1189,0,0,0,0,"[76.0, 38.0]",R-MAT,50,25,19,gexf
cut,cap,first,R-MAT.50.25.19.gexf,50,564,10,4,"[23, 23, 23, 23]",76.0,22.0,22.0,inf,1137,0,0,0,0,"[76.0, 22.0]",R-MAT,50,25,19,gexf
cut,cap,first,R-MAT.50.25.19.gexf,50,F,50,5,"[23, 23, 23, 23]",F,F,F,F,F,F,F,F,F,F,R-MAT,50,25,19,gexf
cut,cap,first,R-MAT.50.5.20.gexf,50,191,2,1,"[9, 9, 9, 9]",12.0,8.0,8.0,inf,4576,0,0,0,0,"[12.0, 8.0]",R-MAT,50,5,20,gexf
cut,cap,first,R-MAT.50.5.20.gexf,50,191,3,2,"[9, 9, 9, 9]",12.0,7.0,7.0,inf,4664,0,0,0,0,"[12.0, 7.0]",R-MAT,50,5,20,gexf
cut,cap,first,R-MAT.50.5.20.gexf,50,191,5,3,"[9, 9, 9, 9]",12.0,5.0,5.0,inf,4934,0,0,0,0,"[12.0, 5.0]",R-MAT,50,5,20,gexf
cut,cap,first,R-MAT.50.5.20.gexf,50,F,10,4,"[9, 9, 9, 9]",F,F,F,F,F,F,F,F,F,F,R-MAT,50,5,20,gexf
cut,cap,first,R-MAT.50.5.20.gexf,50,F,50,5,"[9, 9, 9, 9]",F,F,F,F,F,F,F,F,F,F,R-MAT,50,5,20,gexf
cut,cap,first,R-MAT.50.10.20.gexf,50,314,2,1,"[14, 14, 14, 14]",22.0,15.0,15.0,inf,3028,0,0,0,0,"[22.0, 15.0]",R-MAT,50,10,20,gexf
cut,cap,first,R-MAT.50.10.20.gexf,50,314,3,2,"[14, 14, 14, 14]",22.0,13.0,13.0,inf,1961,0,0,0,0,"[22.0, 13.0]",R-MAT,50,10,20,gexf
cut,cap,first,R-MAT.50.10.20.gexf,50,314,5,3,"[14, 14, 14, 14]",22.0,9.0,9.0,inf,2344,0,0,0,0,"[22.0, 9.0]",R-MAT,50,10,20,gexf
cut,cap,first,R-MAT.50.10.20.gexf,50,314,10,4,"[14, 14, 14, 14]",22.0,4.0,4.0,inf,3524,0,0,0,0,"[22.0, 4.0]",R-MAT,50,10,20,gexf
cut,cap,first,R-MAT.50.10.20.gexf,50,F,50,5,"[14, 14, 14, 14]",F,F,F,F,F,F,F,F,F,F,R-MAT,50,10,20,gexf
cut,cap,first,R-MAT.50.25.20.gexf,50,587,2,1,"[25, 25, 25, 25]",66.0,56.0,56.0,inf,1498,0,0,0,0,"[66.0, 56.0]",R-MAT,50,25,20,gexf
cut,cap,first,R-MAT.50.25.20.gexf,50,587,3,2,"[25, 25, 25, 25]",66.0,52.0,52.0,inf,1589,0,0,0,0,"[66.0, 52.0]",R-MAT,50,25,20,gexf
cut,cap,first,R-MAT.50.25.20.gexf,50,587,5,3,"[25, 25, 25, 25]",66.0,44.0,44.0,inf,852,0,0,0,0,"[66.0, 44.0]",R-MAT,50,25,20,gexf
cut,cap,first,R-MAT.50.25.20.gexf,50,587,10,4,"[25, 25, 25, 25]",66.0,27.0,27.0,inf,1190,0,0,0,0,"[66.0, 27.0]",R-MAT,50,25,20,gexf
cut,cap,first,R-MAT.50.25.20.gexf,50,F,50,5,"[25, 25, 25, 25]",F,F,F,F,F,F,F,F,F,F,R-MAT,50,25,20,gexf
cut,cap,first,R-MAT.50.5.21.gexf,50,196,2,1,"[8, 8, 8, 8]",12.0,8.0,8.0,inf,2869,0,0,0,0,"[12.0, 8.0]",R-MAT,50,5,21,gexf
cut,cap,first,R-MAT.50.5.21.gexf,50,196,3,2,"[8, 8, 8, 8]",12.0,6.0,6.0,inf,3302,0,0,0,0,"[12.0, 6.0]",R-MAT,50,5,21,gexf
cut,cap,first,R-MAT.50.5.21.gexf,50,196,5,3,"[8, 8, 8, 8]",12.0,3.0,4.0,3.0,4860,1,0,0,0,"[12.0, 4.0, 3.0]",R-MAT,50,5,21,gexf
cut,cap,first,R-MAT.50.5.21.gexf,50,F,10,4,"[8, 8, 8, 8]",F,F,F,F,F,F,F,F,F,F,R-MAT,50,5,21,gexf
cut,cap,first,R-MAT.50.5.21.gexf,50,F,50,5,"[8, 8, 8, 8]",F,F,F,F,F,F,F,F,F,F,R-MAT,50,5,21,gexf
cut,cap,first,R-MAT.50.10.21.gexf,50,311,2,1,"[14, 14, 14, 14]",22.0,17.0,17.0,inf,2934,0,0,0,0,"[22.0, 17.0]",R-MAT,50,10,21,gexf
cut,cap,first,R-MAT.50.10.21.gexf,50,311,3,2,"[14, 14, 14, 14]",22.0,15.0,15.0,inf,2428,0,0,0,0,"[22.0, 15.0]",R-MAT,50,10,21,gexf
cut,cap,first,R-MAT.50.10.21.gexf,50,311,5,3,"[14, 14, 14, 14]",22.0,11.0,11.0,inf,2068,0,0,0,0,"[22.0, 11.0]",R-MAT,50,10,21,gexf
cut,cap,first,R-MAT.50.10.21.gexf,50,311,10,4,"[14, 14, 14, 14]",22.0,5.0,5.0,inf,3582,0,0,0,0,"[22.0, 5.0]",R-MAT,50,10,21,gexf
cut,cap,first,R-MAT.50.10.21.gexf,50,F,50,5,"[14, 14, 14, 14]",F,F,F,F,F,F,F,F,F,F,R-MAT,50,10,21,gexf
cut,cap,first,R-MAT.50.25.21.gexf,50,595,2,1,"[21, 21, 21, 21]",61.0,43.0,43.0,inf,506,0,0,0,0,"[61.0, 43.0]",R-MAT,50,25,21,gexf
cut,cap,first,R-MAT.50.25.21.gexf,50,595,3,2,"[21, 21, 21, 21]",61.0,38.0,38.0,inf,512,0,0,0,0,"[61.0, 38.0]",R-MAT,50,25,21,gexf
cut,cap,first,R-MAT.50.25.21.gexf,50,595,5,3,"[21, 21, 21, 21]",61.0,30.0,30.0,inf,730,0,0,0,0,"[61.0, 30.0]",R-MAT,50,25,21,gexf
cut,cap,first,R-MAT.50.25.21.gexf,50,595,10,4,"[21, 21, 21, 21]",61.0,16.0,17.0,16.0,1460,1,0,0,0,"[61.0, 17.0, 16.0]",R-MAT,50,25,21,gexf
cut,cap,first,R-MAT.50.25.21.gexf,50,F,50,5,"[21, 21, 21, 21]",F,F,F,F,F,F,F,F,F,F,R-MAT,50,25,21,gexf
cut,cap,first,R-MAT.50.5.22.gexf,50,195,2,1,"[8, 8, 8, 8]",9.0,6.0,7.0,6.0,4665,1,0,0,0,"[9.0, 7.0, 6.0]",R-MAT,50,5,22,gexf
cut,cap,first,R-MAT.50.5.22.gexf,50,195,3,2,"[8, 8, 8, 8]",9.0,5.0,6.0,5.0,4719,1,0,0,0,"[9.0, 6.0, 5.0]",R-MAT,50,5,22,gexf
cut,cap,first,R-MAT.50.5.22.gexf,50,195,5,3,"[8, 8, 8, 8]",9.0,3.0,4.0,3.0,4877,1,0,0,0,"[9.0, 4.0, 3.0]",R-MAT,50,5,22,gexf
cut,cap,first,R-MAT.50.5.22.gexf,50,F,10,4,"[8, 8, 8, 8]",F,F,F,F,F,F,F,F,F,F,R-MAT,50,5,22,gexf
cut,cap,first,R-MAT.50.5.22.gexf,50,F,50,5,"[8, 8, 8, 8]",F,F,F,F,F,F,F,F,F,F,R-MAT,50,5,22,gexf
cut,cap,first,R-MAT.50.10.22.gexf,50,310,2,1,"[12, 12, 12, 12]",22.0,16.0,16.0,inf,1877,0,0,0,0,"[22.0, 16.0]",R-MAT,50,10,22,gexf
cut,cap,first,R-MAT.50.10.22.gexf,50,310,3,2,"[12, 12, 12, 12]",22.0,13.0,13.0,inf,1759,0,0,0,0,"[22.0, 13.0]",R-MAT,50,10,22,gexf
cut,cap,first,R-MAT.50.10.22.gexf,50,310,5,3,"[12, 12, 12, 12]",22.0,8.0,8.0,inf,3511,0,0,0,0,"[22.0, 8.0]",R-MAT,50,10,22,gexf
cut,cap,first,R-MAT.50.10.22.gexf,50,310,10,4,"[12, 12, 12, 12]",22.0,2.0,2.0,inf,3658,0,0,0,0,"[22.0, 2.0]",R-MAT,50,10,22,gexf
cut,cap,first,R-MAT.50.10.22.gexf,50,F,50,5,"[12, 12, 12, 12]",F,F,F,F,F,F,F,F,F,F,R-MAT,50,10,22,gexf
cut,cap,first,R-MAT.50.25.22.gexf,50,571,2,1,"[23, 23, 23, 23]",74.0,57.0,57.0,inf,448,0,0,0,0,"[74.0, 57.0]",R-MAT,50,25,22,gexf
cut,cap,first,R-MAT.50.25.22.gexf,50,571,3,2,"[23, 23, 23, 23]",74.0,52.0,52.0,inf,1629,0,0,0,0,"[74.0, 52.0]",R-MAT,50,25,22,gexf
cut,cap,first,R-MAT.50.25.22.gexf,50,571,5,3,"[23, 23, 23, 23]",74.0,42.0,42.0,inf,824,0,0,0,0,"[74.0, 42.0]",R-MAT,50,25,22,gexf
cut,cap,first,R-MAT.50.25.22.gexf,50,571,10,4,"[23, 23, 23, 23]",74.0,23.0,23.0,inf,974,0,0,0,0,"[74.0, 23.0]",R-MAT,50,25,22,gexf
cut,cap,first,R-MAT.50.25.22.gexf,50,F,50,5,"[23, 23, 23, 23]",F,F,F,F,F,F,F,F,F,F,R-MAT,50,25,22,gexf
cut,cap,first,R-MAT.50.5.23.gexf,50,194,2,1,"[7, 7, 7, 7]",10.0,6.0,6.0,inf,3015,0,0,0,0,"[10.0, 6.0]",R-MAT,50,5,23,gexf
cut,cap,first,R-MAT.50.5.23.gexf,50,194,3,2,"[7, 7, 7, 7]",10.0,4.0,4.0,inf,3488,0,0,0,0,"[10.0, 4.0]",R-MAT,50,5,23,gexf
cut,cap,first,R-MAT.50.5.23.gexf,50,194,5,3,"[7, 7, 7, 7]",10.0,2.0,2.0,inf,5175,0,0,0,0,"[10.0, 2.0]",R-MAT,50,5,23,gexf
cut,cap,first,R-MAT.50.5.23.gexf,50,F,10,4,"[7, 7, 7, 7]",F,F,F,F,F,F,F,F,F,F,R-MAT,50,5,23,gexf
cut,cap,first,R-MAT.50.5.23.gexf,50,F,50,5,"[7, 7, 7, 7]",F,F,F,F,F,F,F,F,F,F,R-MAT,50,5,23,gexf
cut,cap,first,R-MAT.50.10.23.gexf,50,321,2,1,"[14, 14, 14, 14]",27.0,20.0,22.0,20.0,2446,2,0,0,0,"[27.0, 22.0, 21.0, 20.0]",R-MAT,50,10,23,gexf
cut,cap,first,R-MAT.50.10.23.gexf,50,321,3,2,"[14, 14, 14, 14]",27.0,17.0,20.0,17.0,1725,2,0,0,0,"[27.0, 20.0, 19.0, 17.0]",R-MAT,50,10,23,gexf
cut,cap,first,R-MAT.50.10.23.gexf,50,321,5,3,"[14, 14, 14, 14]",27.0,13.0,16.0,13.0,2106,2,0,0,0,"[27.0, 16.0, 15.0, 13.0]",R-MAT,50,10,23,gexf
cut,cap,first,R-MAT.50.10.23.gexf,50,321,10,4,"[14, 14, 14, 14]",27.0,10.0,10.0,inf,2983,0,0,0,0,"[27.0, 10.0]",R-MAT,50,10,23,gexf
cut,cap,first,R-MAT.50.10.23.gexf,50,F,50,5,"[14, 14, 14, 14]",F,F,F,F,F,F,F,F,F,F,R-MAT,50,10,23,gexf
cut,cap,first,R-MAT.50.25.23.gexf,50,559,2,1,"[24, 24, 24, 24]",76.0,58.0,58.0,inf,513,0,0,0,0,"[76.0, 58.0]",R-MAT,50,25,23,gexf
cut,cap,first,R-MAT.50.25.23.gexf,50,559,3,2,"[24, 24, 24, 24]",76.0,53.0,53.0,inf,525,0,0,0,0,"[76.0, 53.0]",R-MAT,50,25,23,gexf
cut,cap,first,R-MAT.50.25.23.gexf,50,559,5,3,"[24, 24, 24, 24]",76.0,44.0,44.0,inf,669,0,0,0,0,"[76.0, 44.0]",R-MAT,50,25,23,gexf
cut,cap,first,R-MAT.50.25.23.gexf,50,559,10,4,"[24, 24, 24, 24]",76.0,27.0,27.0,inf,1655,0,0,0,0,"[76.0, 27.0]",R-MAT,50,25,23,gexf
cut,cap,first,R-MAT.50.25.23.gexf,50,F,50,5,"[24, 24, 24, 24]",F,F,F,F,F,F,F,F,F,F,R-MAT,50,25,23,gexf
cut,cap,first,R-MAT.50.5.24.gexf,50,187,2,1,"[12, 12, 12, 12]",18.0,13.0,13.0,inf,2671,0,0,0,0,"[18.0, 13.0]",R-MAT,50,5,24,gexf
cut,cap,first,R-MAT.50.5.24.gexf,50,187,3,2,"[12, 12, 12, 12]",18.0,11.0,11.0,inf,3261,0,0,0,0,"[18.0, 11.0]",R-MAT,50,5,24,gexf
cut,cap,first,R-MAT.50.5.24.gexf,50,187,5,3,"[12, 12, 12, 12]",18.0,9.0,9.0,inf,4278,0,0,0,0,"[18.0, 9.0]",R-MAT,50,5,24,gexf
cut,cap,first,R-MAT.50.5.24.gexf,50,187,10,4,"[12, 12, 12, 12]",18.0,4.0,4.0,inf,5156,0,0,0,0,"[18.0, 4.0]",R-MAT,50,5,24,gexf
cut,cap,first,R-MAT.50.5.24.gexf,50,F,50,5,"[12, 12, 12, 12]",F,F,F,F,F,F,F,F,F,F,R-MAT,50,5,24,gexf
cut,cap,first,R-MAT.50.10.24.gexf,50,322,2,1,"[13, 13, 13, 13]",26.0,15.0,15.0,inf,1094,0,0,0,0,"[26.0, 15.0]",R-MAT,50,10,24,gexf
cut,cap,first,R-MAT.50.10.24.gexf,50,322,3,2,"[13, 13, 13, 13]",26.0,12.0,12.0,inf,1422,0,0,0,0,"[26.0, 12.0]",R-MAT,50,10,24,gexf
cut,cap,first,R-MAT.50.10.24.gexf,50,322,5,3,"[13, 13, 13, 13]",26.0,8.0,8.0,inf,2042,0,0,0,0,"[26.0, 8.0]",R-MAT,50,10,24,gexf
cut,cap,first,R-MAT.50.10.24.gexf,50,322,10,4,"[13, 13, 13, 13]",26.0,3.0,3.0,inf,3511,0,0,0,0,"[26.0, 3.0]",R-MAT,50,10,24,gexf
cut,cap,first,R-MAT.50.10.24.gexf,50,F,50,5,"[13, 13, 13, 13]",F,F,F,F,F,F,F,F,F,F,R-MAT,50,10,24,gexf
cut,cap,first,R-MAT.50.25.24.gexf,50,569,2,1,"[24, 24, 24, 24]",71.0,54.0,54.0,inf,450,0,0,0,0,"[71.0, 54.0]",R-MAT,50,25,24,gexf
cut,cap,first,R-MAT.50.25.24.gexf,50,569,3,2,"[24, 24, 24, 24]",71.0,49.0,49.0,inf,1075,0,0,0,0,"[71.0, 49.0]",R-MAT,50,25,24,gexf
cut,cap,first,R-MAT.50.25.24.gexf,50,569,5,3,"[24, 24, 24, 24]",71.0,39.0,39.0,inf,845,0,0,0,0,"[71.0, 39.0]",R-MAT,50,25,24,gexf
cut,cap,first,R-MAT.50.25.24.gexf,50,569,10,4,"[24, 24, 24, 24]",71.0,21.0,21.0,inf,1002,0,0,0,0,"[71.0, 21.0]",R-MAT,50,25,24,gexf
cut,cap,first,R-MAT.50.25.24.gexf,50,F,50,5,"[24, 24, 24, 24]",F,F,F,F,F,F,F,F,F,F,R-MAT,50,25,24,gexf
cut,cap,first,R-MAT.50.5.25.gexf,50,201,2,1,"[4, 4, 4, 4]",5.0,2.0,2.0,inf,5205,0,0,0,0,"[5.0, 2.0]",R-MAT,50,5,25,gexf
cut,cap,first,R-MAT.50.5.25.gexf,50,201,3,2,"[4, 4, 4, 4]",5.0,1.0,1.0,inf,5281,0,0,0,0,"[5.0, 1.0]",R-MAT,50,5,25,gexf
cut,cap,first,R-MAT.50.5.25.gexf,50,F,5,3,"[4, 4, 4, 4]",F,F,F,F,F,F,F,F,F,F,R-MAT,50,5,25,gexf
cut,cap,first,R-MAT.50.5.25.gexf,50,F,10,4,"[4, 4, 4, 4]",F,F,F,F,F,F,F,F,F,F,R-MAT,50,5,25,gexf
cut,cap,first,R-MAT.50.5.25.gexf,50,F,50,5,"[4, 4, 4, 4]",F,F,F,F,F,F,F,F,F,F,R-MAT,50,5,25,gexf
cut,cap,first,R-MAT.50.10.25.gexf,50,316,2,1,"[12, 12, 12, 12]",21.0,12.0,14.0,12.0,1799,1,0,0,0,"[21.0, 14.0, 12.0]",R-MAT,50,10,25,gexf
cut,cap,first,R-MAT.50.10.25.gexf,50,316,3,2,"[12, 12, 12, 12]",21.0,12.0,13.0,12.0,4520,1,0,0,0,"[21.0, 13.0, 12.0]",R-MAT,50,10,25,gexf
cut,cap,first,R-MAT.50.10.25.gexf,50,316,5,3,"[12, 12, 12, 12]",21.0,11.0,11.0,inf,3239,0,0,0,0,"[21.0, 11.0]",R-MAT,50,10,25,gexf
cut,cap,first,R-MAT.50.10.25.gexf,50,316,10,4,"[12, 12, 12, 12]",21.0,6.0,6.0,inf,3521,0,0,0,0,"[21.0, 6.0]",R-MAT,50,10,25,gexf
cut,cap,first,R-MAT.50.10.25.gexf,50,F,50,5,"[12, 12, 12, 12]",F,F,F,F,F,F,F,F,F,F,R-MAT,50,10,25,gexf
cut,cap,first,R-MAT.50.25.25.gexf,50,573,2,1,"[22, 22, 22, 22]",79.0,62.0,68.0,62.0,435,3,0,0,0,"[79.0, 68.0, 65.0, 63.0, 62.0]",R-MAT,50,25,25,gexf
cut,cap,first,R-MAT.50.25.25.gexf,50,573,3,2,"[22, 22, 22, 22]",79.0,54.0,63.0,54.0,674,4,0,0,0,"[79.0, 63.0, 60.0, 58.0, 56.0, 54.0]",R-MAT,50,25,25,gexf
cut,cap,first,R-MAT.50.25.25.gexf,50,573,5,3,"[22, 22, 22, 22]",79.0,41.0,56.0,41.0,1457,4,0,0,0,"[79.0, 56.0, 55.0, 46.0, 43.0, 41.0]",R-MAT,50,25,25,gexf
cut,cap,first,R-MAT.50.25.25.gexf,50,573,10,4,"[22, 22, 22, 22]",79.0,22.0,45.0,22.0,854,5,0,0,0,"[79.0, 45.0, 44.0, 38.0, 32.0, 27.0, 22.0]",R-MAT,50,25,25,gexf
cut,cap,first,R-MAT.50.25.25.gexf,50,F,50,5,"[22, 22, 22, 22]",F,F,F,F,F,F,F,F,F,F,R-MAT,50,25,25,gexf
cut,cap,first,R-MAT.50.5.26.gexf,50,188,2,1,"[8, 8, 8, 8]",12.0,6.0,6.0,inf,4840,0,0,0,0,"[12.0, 6.0]",R-MAT,50,5,26,gexf
cut,cap,first,R-MAT.50.5.26.gexf,50,188,3,2,"[8, 8, 8, 8]",12.0,5.0,5.0,inf,4910,0,0,0,0,"[12.0, 5.0]",R-MAT,50,5,26,gexf
cut,cap,first,R-MAT.50.5.26.gexf,50,188,5,3,"[8, 8, 8, 8]",12.0,3.0,3.0,inf,5273,0,0,0,0,"[12.0, 3.0]",R-MAT,50,5,26,gexf
cut,cap,first,R-MAT.50.5.26.gexf,50,F,10,4,"[8, 8, 8, 8]",F,F,F,F,F,F,F,F,F,F,R-MAT,50,5,26,gexf
cut,cap,first,R-MAT.50.5.26.gexf,50,F,50,5,"[8, 8, 8, 8]",F,F,F,F,F,F,F,F,F,F,R-MAT,50,5,26,gexf
cut,cap,first,R-MAT.50.10.26.gexf,50,322,2,1,"[19, 19, 19, 19]",29.0,21.0,21.0,inf,1357,0,0,0,0,"[29.0, 21.0]",R-MAT,50,10,26,gexf
cut,cap,first,R-MAT.50.10.26.gexf,50,322,3,2,"[19, 19, 19, 19]",29.0,19.0,19.0,inf,1907,0,0,0,0,"[29.0, 19.0]",R-MAT,50,10,26,gexf
cut,cap,first,R-MAT.50.10.26.gexf,50,322,5,3,"[19, 19, 19, 19]",29.0,15.0,15.0,inf,1956,0,0,0,0,"[29.0, 15.0]",R-MAT,50,10,26,gexf
cut,cap,first,R-MAT.50.10.26.gexf,50,322,10,4,"[19, 19, 19, 19]",29.0,9.0,9.0,inf,3365,0,0,0,0,"[29.0, 9.0]",R-MAT,50,10,26,gexf
cut,cap,first,R-MAT.50.10.26.gexf,50,F,50,5,"[19, 19, 19, 19]",F,F,F,F,F,F,F,F,F,F,R-MAT,50,10,26,gexf
cut,cap,first,R-MAT.50.25.26.gexf,50,558,2,1,"[21, 21, 21, 21]",75.0,52.0,52.0,inf,409,0,0,0,0,"[75.0, 52.0]",R-MAT,50,25,26,gexf
cut,cap,first,R-MAT.50.25.26.gexf,50,558,3,2,"[21, 21, 21, 21]",75.0,42.0,42.0,inf,367,0,0,0,0,"[75.0, 42.0]",R-MAT,50,25,26,gexf
cut,cap,first,R-MAT.50.25.26.gexf,50,558,5,3,"[21, 21, 21, 21]",75.0,31.0,31.0,inf,577,0,0,0,0,"[75.0, 31.0]",R-MAT,50,25,26,gexf
cut,cap,first,R-MAT.50.25.26.gexf,50,558,10,4,"[21, 21, 21, 21]",75.0,14.0,14.0,inf,2131,0,0,0,0,"[75.0, 14.0]",R-MAT,50,25,26,gexf
cut,cap,first,R-MAT.50.25.26.gexf,50,F,50,5,"[21, 21, 21, 21]",F,F,F,F,F,F,F,F,F,F,R-MAT,50,25,26,gexf
cut,cap,first,R-MAT.50.5.27.gexf,50,182,2,1,"[9, 9, 9, 9]",14.0,7.0,7.0,inf,2213,0,0,0,0,"[14.0, 7.0]",R-MAT,50,5,27,gexf
cut,cap,first,R-MAT.50.5.27.gexf,50,182,3,2,"[9, 9, 9, 9]",14.0,6.0,6.0,inf,5183,0,0,0,0,"[14.0, 6.0]",R-MAT,50,5,27,gexf
cut,cap,first,R-MAT.50.5.27.gexf,50,182,5,3,"[9, 9, 9, 9]",14.0,4.0,4.0,inf,5446,0,0,0,0,"[14.0, 4.0]",R-MAT,50,5,27,gexf
cut,cap,first,R-MAT.50.5.27.gexf,50,F,10,4,"[9, 9, 9, 9]",F,F,F,F,F,F,F,F,F,F,R-MAT,50,5,27,gexf
cut,cap,first,R-MAT.50.5.27.gexf,50,F,50,5,"[9, 9, 9, 9]",F,F,F,F,F,F,F,F,F,F,R-MAT,50,5,27,gexf
cut,cap,first,R-MAT.50.10.27.gexf,50,324,2,1,"[17, 17, 17, 17]",37.0,25.0,25.0,inf,820,0,0,0,0,"[37.0, 25.0]",R-MAT,50,10,27,gexf
cut,cap,first,R-MAT.50.10.27.gexf,50,324,3,2,"[17, 17, 17, 17]",37.0,22.0,22.0,inf,1704,0,0,0,0,"[37.0, 22.0]",R-MAT,50,10,27,gexf
cut,cap,first,R-MAT.50.10.27.gexf,50,324,5,3,"[17, 17, 17, 17]",37.0,18.0,18.0,inf,2207,0,0,0,0,"[37.0, 18.0]",R-MAT,50,10,27,gexf
cut,cap,first,R-MAT.50.10.27.gexf,50,324,10,4,"[17, 17, 17, 17]",37.0,8.0,9.0,8.0,1988,1,0,0,0,"[37.0, 9.0, 8.0]",R-MAT,50,10,27,gexf
cut,cap,first,R-MAT.50.10.27.gexf,50,F,50,5,"[17, 17, 17, 17]",F,F,F,F,F,F,F,F,F,F,R-MAT,50,10,27,gexf
cut,cap,first,R-MAT.50.25.27.gexf,50,582,2,1,"[21, 21, 21, 21]",66.0,47.0,47.0,inf,1604,0,0,0,0,"[66.0, 47.0]",R-MAT,50,25,27,gexf
cut,cap,first,R-MAT.50.25.27.gexf,50,582,3,2,"[21, 21, 21, 21]",66.0,42.0,42.0,inf,814,0,0,0,0,"[66.0, 42.0]",R-MAT,50,25,27,gexf
cut,cap,first,R-MAT.50.25.27.gexf,50,582,5,3,"[21, 21, 21, 21]",66.0,33.0,33.0,inf,1156,0,0,0,0,"[66.0, 33.0]",R-MAT,50,25,27,gexf
cut,cap,first,R-MAT.50.25.27.gexf,50,582,10,4,"[21, 21, 21, 21]",66.0,16.0,16.0,inf,1132,0,0,0,0,"[66.0, 16.0]",R-MAT,50,25,27,gexf
cut,cap,first,R-MAT.50.25.27.gexf,50,F,50,5,"[21, 21, 21, 21]",F,F,F,F,F,F,F,F,F,F,R-MAT,50,25,27,gexf
cut,cap,first,R-MAT.50.5.28.gexf,50,186,2,1,"[10, 10, 10, 10]",15.0,11.0,12.0,11.0,2571,1,0,0,0,"[15.0, 12.0, 11.0]",R-MAT,50,5,28,gexf
cut,cap,first,R-MAT.50.5.28.gexf,50,186,3,2,"[10, 10, 10, 10]",15.0,9.0,11.0,9.0,2616,2,0,0,0,"[15.0, 11.0, 10.0, 9.0]",R-MAT,50,5,28,gexf
cut,cap,first,R-MAT.50.5.28.gexf,50,186,5,3,"[10, 10, 10, 10]",15.0,9.0,9.0,inf,4108,0,0,0,0,"[15.0, 9.0]",R-MAT,50,5,28,gexf
cut,cap,first,R-MAT.50.5.28.gexf,50,F,10,4,"[10, 10, 10, 10]",F,F,F,F,F,F,F,F,F,F,R-MAT,50,5,28,gexf
cut,cap,first,R-MAT.50.5.28.gexf,50,F,50,5,"[10, 10, 10, 10]",F,F,F,F,F,F,F,F,F,F,R-MAT,50,5,28,gexf
cut,cap,first,R-MAT.50.10.28.gexf,50,330,2,1,"[17, 17, 17, 17]",30.0,23.0,23.0,inf,1666,0,0,0,0,"[30.0, 23.0]",R-MAT,50,10,28,gexf
cut,cap,first,R-MAT.50.10.28.gexf,50,330,3,2,"[17, 17, 17, 17]",30.0,20.0,20.0,inf,2025,0,0,0,0,"[30.0, 20.0]",R-MAT,50,10,28,gexf
cut,cap,first,R-MAT.50.10.28.gexf,50,330,5,3,"[17, 17, 17, 17]",30.0,15.0,16.0,15.0,1815,1,0,0,0,"[30.0, 16.0, 15.0]",R-MAT,50,10,28,gexf
cut,cap,first,R-MAT.50.10.28.gexf,50,330,10,4,"[17, 17, 17, 17]",30.0,8.0,9.0,8.0,3078,1,0,0,0,"[30.0, 9.0, 8.0]",R-MAT,50,10,28,gexf
cut,cap,first,R-MAT.50.10.28.gexf,50,F,50,5,"[17, 17, 17, 17]",F,F,F,F,F,F,F,F,F,F,R-MAT,50,10,28,gexf
cut,cap,first,R-MAT.50.25.28.gexf,50,593,2,1,"[22, 22, 22, 22]",87.0,64.0,64.0,inf,1459,0,0,0,0,"[87.0, 64.0]",R-MAT,50,25,28,gexf
cut,cap,first,R-MAT.50.25.28.gexf,50,593,3,2,"[22, 22, 22, 22]",87.0,57.0,57.0,inf,498,0,0,0,0,"[87.0, 57.0]",R-MAT,50,25,28,gexf
cut,cap,first,R-MAT.50.25.28.gexf,50,593,5,3,"[22, 22, 22, 22]",87.0,46.0,46.0,inf,515,0,0,0,0,"[87.0, 46.0]",R-MAT,50,25,28,gexf
cut,cap,first,R-MAT.50.25.28.gexf,50,593,10,4,"[22, 22, 22, 22]",87.0,26.0,26.0,inf,939,0,0,0,0,"[87.0, 26.0]",R-MAT,50,25,28,gexf
cut,cap,first,R-MAT.50.25.28.gexf,50,F,50,5,"[22, 22, 22, 22]",F,F,F,F,F,F,F,F,F,F,R-MAT,50,25,28,gexf
cut,cap,first,R-MAT.50.5.29.gexf,50,191,2,1,"[12, 12, 12, 12]",17.0,12.0,12.0,inf,2795,0,0,0,0,"[17.0, 12.0]",R-MAT,50,5,29,gexf
cut,cap,first,R-MAT.50.5.29.gexf,50,191,3,2,"[12, 12, 12, 12]",17.0,10.0,10.0,inf,3467,0,0,0,0,"[17.0, 10.0]",R-MAT,50,5,29,gexf
cut,cap,first,R-MAT.50.5.29.gexf,50,191,5,3,"[12, 12, 12, 12]",17.0,8.0,8.0,inf,4894,0,0,0,0,"[17.0, 8.0]",R-MAT,50,5,29,gexf
cut,cap,first,R-MAT.50.5.29.gexf,50,191,10,4,"[12, 12, 12, 12]",17.0,3.0,3.0,inf,5380,0,0,0,0,"[17.0, 3.0]",R-MAT,50,5,29,gexf
cut,cap,first,R-MAT.50.5.29.gexf,50,F,50,5,"[12, 12, 12, 12]",F,F,F,F,F,F,F,F,F,F,R-MAT,50,5,29,gexf
cut,cap,first,R-MAT.50.10.29.gexf,50,319,2,1,"[14, 14, 14, 14]",26.0,16.0,16.0,inf,1427,0,0,0,0,"[26.0, 16.0]",R-MAT,50,10,29,gexf
cut,cap,first,R-MAT.50.10.29.gexf,50,319,3,2,"[14, 14, 14, 14]",26.0,14.0,14.0,inf,3171,0,0,0,0,"[26.0, 14.0]",R-MAT,50,10,29,gexf
cut,cap,first,R-MAT.50.10.29.gexf,50,319,5,3,"[14, 14, 14, 14]",26.0,10.0,10.0,inf,2718,0,0,0,0,"[26.0, 10.0]",R-MAT,50,10,29,gexf
cut,cap,first,R-MAT.50.10.29.gexf,50,319,10,4,"[14, 14, 14, 14]",26.0,5.0,5.0,inf,3499,0,0,0,0,"[26.0, 5.0]",R-MAT,50,10,29,gexf
cut,cap,first,R-MAT.50.10.29.gexf,50,F,50,5,"[14, 14, 14, 14]",F,F,F,F,F,F,F,F,F,F,R-MAT,50,10,29,gexf
cut,cap,first,R-MAT.50.25.29.gexf,50,591,2,1,"[22, 22, 22, 22]",52.0,39.0,39.0,inf,674,0,0,0,0,"[52.0, 39.0]",R-MAT,50,25,29,gexf
cut,cap,first,R-MAT.50.25.29.gexf,50,591,3,2,"[22, 22, 22, 22]",52.0,35.0,35.0,inf,835,0,0,0,0,"[52.0, 35.0]",R-MAT,50,25,29,gexf
cut,cap,first,R-MAT.50.25.29.gexf,50,591,5,3,"[22, 22, 22, 22]",52.0,29.0,29.0,inf,856,0,0,0,0,"[52.0, 29.0]",R-MAT,50,25,29,gexf
cut,cap,first,R-MAT.50.25.29.gexf,50,591,10,4,"[22, 22, 22, 22]",52.0,16.0,16.0,inf,1222,0,0,0,0,"[52.0, 16.0]",R-MAT,50,25,29,gexf
cut,cap,first,R-MAT.50.25.29.gexf,50,F,50,5,"[22, 22, 22, 22]",F,F,F,F,F,F,F,F,F,F,R-MAT,50,25,29,gexf
cut,cap,first,R-MAT.50.5.30.gexf,50,196,2,1,"[10, 10, 10, 10]",12.0,8.0,9.0,8.0,3466,1,0,0,0,"[12.0, 9.0, 8.0]",R-MAT,50,5,30,gexf
cut,cap,first,R-MAT.50.5.30.gexf,50,196,3,2,"[10, 10, 10, 10]",12.0,8.0,8.0,inf,4550,0,0,0,0,"[12.0, 8.0]",R-MAT,50,5,30,gexf
cut,cap,first,R-MAT.50.5.30.gexf,50,196,5,3,"[10, 10, 10, 10]",12.0,6.0,6.0,inf,4923,0,0,0,0,"[12.0, 6.0]",R-MAT,50,5,30,gexf
cut,cap,first,R-MAT.50.5.30.gexf,50,F,10,4,"[10, 10, 10, 10]",F,F,F,F,F,F,F,F,F,F,R-MAT,50,5,30,gexf
cut,cap,first,R-MAT.50.5.30.gexf,50,F,50,5,"[10, 10, 10, 10]",F,F,F,F,F,F,F,F,F,F,R-MAT,50,5,30,gexf
cut,cap,first,R-MAT.50.10.30.gexf,50,323,2,1,"[15, 15, 15, 15]",25.0,18.0,18.0,inf,1844,0,0,0,0,"[25.0, 18.0]",R-MAT,50,10,30,gexf
cut,cap,first,R-MAT.50.10.30.gexf,50,323,3,2,"[15, 15, 15, 15]",25.0,15.0,15.0,inf,1612,0,0,0,0,"[25.0, 15.0]",R-MAT,50,10,30,gexf
cut,cap,first,R-MAT.50.10.30.gexf,50,323,5,3,"[15, 15, 15, 15]",25.0,11.0,11.0,inf,1982,0,0,0,0,"[25.0, 11.0]",R-MAT,50,10,30,gexf
cut,cap,first,R-MAT.50.10.30.gexf,50,323,10,4,"[15, 15, 15, 15]",25.0,6.0,6.0,inf,3431,0,0,0,0,"[25.0, 6.0]",R-MAT,50,10,30,gexf
cut,cap,first,R-MAT.50.10.30.gexf,50,F,50,5,"[15, 15, 15, 15]",F,F,F,F,F,F,F,F,F,F,R-MAT,50,10,30,gexf
cut,cap,first,R-MAT.50.25.30.gexf,50,588,2,1,"[22, 22, 22, 22]",55.0,40.0,40.0,inf,643,0,0,0,0,"[55.0, 40.0]",R-MAT,50,25,30,gexf
cut,cap,first,R-MAT.50.25.30.gexf,50,588,3,2,"[22, 22, 22, 22]",55.0,34.0,34.0,inf,730,0,0,0,0,"[55.0, 34.0]",R-MAT,50,25,30,gexf
cut,cap,first,R-MAT.50.25.30.gexf,50,588,5,3,"[22, 22, 22, 22]",55.0,27.0,27.0,inf,1855,0,0,0,0,"[55.0, 27.0]",R-MAT,50,25,30,gexf
cut,cap,first,R-MAT.50.25.30.gexf,50,588,10,4,"[22, 22, 22, 22]",55.0,14.0,15.0,14.0,1498,1,0,0,0,"[55.0, 15.0, 14.0]",R-MAT,50,25,30,gexf
cut,cap,first,R-MAT.50.25.30.gexf,50,F,50,5,"[22, 22, 22, 22]",F,F,F,F,F,F,F,F,F,F,R-MAT,50,25,30,gexf
cut,cap,first,R-MAT.50.5.31.gexf,50,199,2,1,"[9, 9, 9, 9]",13.0,9.0,9.0,inf,3394,0,0,0,0,"[13.0, 9.0]",R-MAT,50,5,31,gexf
cut,cap,first,R-MAT.50.5.31.gexf,50,199,3,2,"[9, 9, 9, 9]",13.0,8.0,8.0,inf,4523,0,0,0,0,"[13.0, 8.0]",R-MAT,50,5,31,gexf
cut,cap,first,R-MAT.50.5.31.gexf,50,199,5,3,"[9, 9, 9, 9]",13.0,6.0,6.0,inf,4687,0,0,0,0,"[13.0, 6.0]",R-MAT,50,5,31,gexf
cut,cap,first,R-MAT.50.5.31.gexf,50,F,10,4,"[9, 9, 9, 9]",F,F,F,F,F,F,F,F,F,F,R-MAT,50,5,31,gexf
cut,cap,first,R-MAT.50.5.31.gexf,50,F,50,5,"[9, 9, 9, 9]",F,F,F,F,F,F,F,F,F,F,R-MAT,50,5,31,gexf
cut,cap,first,R-MAT.50.10.31.gexf,50,315,2,1,"[13, 13, 13, 13]",23.0,15.0,15.0,inf,1437,0,0,0,0,"[23.0, 15.0]",R-MAT,50,10,31,gexf
cut,cap,first,R-MAT.50.10.31.gexf,50,315,3,2,"[13, 13, 13, 13]",23.0,13.0,13.0,inf,2040,0,0,0,0,"[23.0, 13.0]",R-MAT,50,10,31,gexf
cut,cap,first,R-MAT.50.10.31.gexf,50,315,5,3,"[13, 13, 13, 13]",23.0,9.0,10.0,9.0,2078,1,0,0,0,"[23.0, 10.0, 9.0]",R-MAT,50,10,31,gexf
cut,cap,first,R-MAT.50.10.31.gexf,50,315,10,4,"[13, 13, 13, 13]",23.0,5.0,5.0,inf,3476,0,0,0,0,"[23.0, 5.0]",R-MAT,50,10,31,gexf
cut,cap,first,R-MAT.50.10.31.gexf,50,F,50,5,"[13, 13, 13, 13]",F,F,F,F,F,F,F,F,F,F,R-MAT,50,10,31,gexf
cut,cap,first,R-MAT.50.25.31.gexf,50,554,2,1,"[24, 24, 24, 24]",67.0,51.0,51.0,inf,417,0,0,0,0,"[67.0, 51.0]",R-MAT,50,25,31,gexf
cut,cap,first,R-MAT.50.25.31.gexf,50,554,3,2,"[24, 24, 24, 24]",67.0,45.0,45.0,inf,1822,0,0,0,0,"[67.0, 45.0]",R-MAT,50,25,31,gexf
cut,cap,first,R-MAT.50.25.31.gexf,50,554,5,3,"[24, 24, 24, 24]",67.0,36.0,36.0,inf,1223,0,0,0,0,"[67.0, 36.0]",R-MAT,50,25,31,gexf
cut,cap,first,R-MAT.50.25.31.gexf,50,554,10,4,"[24, 24, 24, 24]",67.0,21.0,21.0,inf,992,0,0,0,0,"[67.0, 21.0]",R-MAT,50,25,31,gexf
cut,cap,first,R-MAT.50.25.31.gexf,50,F,50,5,"[24, 24, 24, 24]",F,F,F,F,F,F,F,F,F,F,R-MAT,50,25,31,gexf
cut,cap,first,R-MAT.50.5.32.gexf,50,184,2,1,"[6, 6, 6, 6]",9.0,5.0,7.0,5.0,7029,1,0,0,0,"[9.0, 7.0, 5.0]",R-MAT,50,5,32,gexf
cut,cap,first,R-MAT.50.5.32.gexf,50,184,3,2,"[6, 6, 6, 6]",9.0,5.0,6.0,5.0,7508,1,0,0,0,"[9.0, 6.0, 5.0]",R-MAT,50,5,32,gexf
cut,cap,first,R-MAT.50.5.32.gexf,50,184,5,3,"[6, 6, 6, 6]",9.0,4.0,4.0,inf,5339,0,0,0,0,"[9.0, 4.0]",R-MAT,50,5,32,gexf
cut,cap,first,R-MAT.50.5.32.gexf,50,F,10,4,"[6, 6, 6, 6]",F,F,F,F,F,F,F,F,F,F,R-MAT,50,5,32,gexf
cut,cap,first,R-MAT.50.5.32.gexf,50,F,50,5,"[6, 6, 6, 6]",F,F,F,F,F,F,F,F,F,F,R-MAT,50,5,32,gexf
cut,cap,first,R-MAT.50.10.32.gexf,50,335,2,1,"[18, 18, 18, 18]",29.0,22.0,22.0,inf,2729,0,0,0,0,"[29.0, 22.0]",R-MAT,50,10,32,gexf
cut,cap,first,R-MAT.50.10.32.gexf,50,335,3,2,"[18, 18, 18, 18]",29.0,19.0,19.0,inf,2158,0,0,0,0,"[29.0, 19.0]",R-MAT,50,10,32,gexf
cut,cap,first,R-MAT.50.10.32.gexf,50,335,5,3,"[18, 18, 18, 18]",29.0,15.0,15.0,inf,2246,0,0,0,0,"[29.0, 15.0]",R-MAT,50,10,32,gexf
cut,cap,first,R-MAT.50.10.32.gexf,50,335,10,4,"[18, 18, 18, 18]",29.0,9.0,9.0,inf,3026,0,0,0,0,"[29.0, 9.0]",R-MAT,50,10,32,gexf
cut,cap,first,R-MAT.50.10.32.gexf,50,F,50,5,"[18, 18, 18, 18]",F,F,F,F,F,F,F,F,F,F,R-MAT,50,10,32,gexf
cut,cap,first,R-MAT.50.25.32.gexf,50,570,2,1,"[25, 25, 25, 25]",68.0,51.0,51.0,inf,468,0,0,0,0,"[68.0, 51.0]",R-MAT,50,25,32,gexf
cut,cap,first,R-MAT.50.25.32.gexf,50,570,3,2,"[25, 25, 25, 25]",68.0,46.0,46.0,inf,667,0,0,0,0,"[68.0, 46.0]",R-MAT,50,25,32,gexf
cut,cap,first,R-MAT.50.25.32.gexf,50,570,5,3,"[25, 25, 25, 25]",68.0,36.0,36.0,inf,739,0,0,0,0,"[68.0, 36.0]",R-MAT,50,25,32,gexf
cut,cap,first,R-MAT.50.25.32.gexf,50,570,10,4,"[25, 25, 25, 25]",68.0,18.0,18.0,inf,1548,0,0,0,0,"[68.0, 18.0]",R-MAT,50,25,32,gexf
cut,cap,first,R-MAT.50.25.32.gexf,50,F,50,5,"[25, 25, 25, 25]",F,F,F,F,F,F,F,F,F,F,R-MAT,50,25,32,gexf
cut,cap,first,R-MAT.50.5.33.gexf,50,178,2,1,"[10, 10, 10, 10]",14.0,8.0,8.0,inf,4719,0,0,0,0,"[14.0, 8.0]",R-MAT,50,5,33,gexf
cut,cap,first,R-MAT.50.5.33.gexf,50,178,3,2,"[10, 10, 10, 10]",14.0,7.0,7.0,inf,4877,0,0,0,0,"[14.0, 7.0]",R-MAT,50,5,33,gexf
cut,cap,first,R-MAT.50.5.33.gexf,50,178,5,3,"[10, 10, 10, 10]",14.0,5.0,5.0,inf,5140,0,0,0,0,"[14.0, 5.0]",R-MAT,50,5,33,gexf
cut,cap,first,R-MAT.50.5.33.gexf,50,F,10,4,"[10, 10, 10, 10]",F,F,F,F,F,F,F,F,F,F,R-MAT,50,5,33,gexf
cut,cap,first,R-MAT.50.5.33.gexf,50,F,50,5,"[10, 10, 10, 10]",F,F,F,F,F,F,F,F,F,F,R-MAT,50,5,33,gexf
cut,cap,first,R-MAT.50.10.33.gexf,50,311,2,1,"[14, 14, 14, 14]",24.0,16.0,16.0,inf,1439,0,0,0,0,"[24.0, 16.0]",R-MAT,50,10,33,gexf
cut,cap,first,R-MAT.50.10.33.gexf,50,311,3,2,"[14, 14, 14, 14]",24.0,13.0,13.0,inf,1452,0,0,0,0,"[24.0, 13.0]",R-MAT,50,10,33,gexf
cut,cap,first,R-MAT.50.10.33.gexf,50,311,5,3,"[14, 14, 14, 14]",24.0,9.0,9.0,inf,2521,0,0,0,0,"[24.0, 9.0]",R-MAT,50,10,33,gexf
cut,cap,first,R-MAT.50.10.33.gexf,50,311,10,4,"[14, 14, 14, 14]",24.0,4.0,4.0,inf,3585,0,0,0,0,"[24.0, 4.0]",R-MAT,50,10,33,gexf
cut,cap,first,R-MAT.50.10.33.gexf,50,F,50,5,"[14, 14, 14, 14]",F,F,F,F,F,F,F,F,F,F,R-MAT,50,10,33,gexf
cut,cap,first,R-MAT.50.25.33.gexf,50,565,2,1,"[22, 22, 22, 22]",81.0,58.0,58.0,inf,354,0,0,0,0,"[81.0, 58.0]",R-MAT,50,25,33,gexf
cut,cap,first,R-MAT.50.25.33.gexf,50,565,3,2,"[22, 22, 22, 22]",81.0,50.0,50.0,inf,1701,0,0,0,0,"[81.0, 50.0]",R-MAT,50,25,33,gexf
cut,cap,first,R-MAT.50.25.33.gexf,50,565,5,3,"[22, 22, 22, 22]",81.0,40.0,40.0,inf,974,0,0,0,0,"[81.0, 40.0]",R-MAT,50,25,33,gexf
cut,cap,first,R-MAT.50.25.33.gexf,50,565,10,4,"[22, 22, 22, 22]",81.0,20.0,20.0,inf,903,0,0,0,0,"[81.0, 20.0]",R-MAT,50,25,33,gexf
cut,cap,first,R-MAT.50.25.33.gexf,50,F,50,5,"[22, 22, 22, 22]",F,F,F,F,F,F,F,F,F,F,R-MAT,50,25,33,gexf
cut,cap,first,R-MAT.50.5.34.gexf,50,191,2,1,"[10, 10, 10, 10]",14.0,8.0,11.0,8.0,2814,2,0,0,0,"[14.0, 11.0, 10.0, 8.0]",R-MAT,50,5,34,gexf
cut,cap,first,R-MAT.50.5.34.gexf,50,191,3,2,"[10, 10, 10, 10]",14.0,10.0,10.0,inf,4045,0,0,0,0,"[14.0, 10.0]",R-MAT,50,5,34,gexf
cut,cap,first,R-MAT.50.5.34.gexf,50,191,5,3,"[10, 10, 10, 10]",14.0,8.0,8.0,inf,4208,0,0,0,0,"[14.0, 8.0]",R-MAT,50,5,34,gexf
cut,cap,first,R-MAT.50.5.34.gexf,50,F,10,4,"[10, 10, 10, 10]",F,F,F,F,F,F,F,F,F,F,R-MAT,50,5,34,gexf
cut,cap,first,R-MAT.50.5.34.gexf,50,F,50,5,"[10, 10, 10, 10]",F,F,F,F,F,F,F,F,F,F,R-MAT,50,5,34,gexf
cut,cap,first,R-MAT.50.10.34.gexf,50,318,2,1,"[14, 14, 14, 14]",23.0,14.0,14.0,inf,3132,0,0,0,0,"[23.0, 14.0]",R-MAT,50,10,34,gexf
cut,cap,first,R-MAT.50.10.34.gexf,50,318,3,2,"[14, 14, 14, 14]",23.0,12.0,12.0,inf,2005,0,0,0,0,"[23.0, 12.0]",R-MAT,50,10,34,gexf
cut,cap,first,R-MAT.50.10.34.gexf,50,318,5,3,"[14, 14, 14, 14]",23.0,10.0,10.0,inf,3265,0,0,0,0,"[23.0, 10.0]",R-MAT,50,10,34,gexf
cut,cap,first,R-MAT.50.10.34.gexf,50,318,10,4,"[14, 14, 14, 14]",23.0,5.0,5.0,inf,3501,0,0,0,0,"[23.0, 5.0]",R-MAT,50,10,34,gexf
cut,cap,first,R-MAT.50.10.34.gexf,50,F,50,5,"[14, 14, 14, 14]",F,F,F,F,F,F,F,F,F,F,R-MAT,50,10,34,gexf
cut,cap,first,R-MAT.50.25.34.gexf,50,573,2,1,"[22, 22, 22, 22]",59.0,45.0,45.0,inf,712,0,0,0,0,"[59.0, 45.0]",R-MAT,50,25,34,gexf
cut,cap,first,R-MAT.50.25.34.gexf,50,573,3,2,"[22, 22, 22, 22]",59.0,39.0,39.0,inf,648,0,0,0,0,"[59.0, 39.0]",R-MAT,50,25,34,gexf
cut,cap,first,R-MAT.50.25.34.gexf,50,573,5,3,"[22, 22, 22, 22]",59.0,29.0,29.0,inf,856,0,0,0,0,"[59.0, 29.0]",R-MAT,50,25,34,gexf
cut,cap,first,R-MAT.50.25.34.gexf,50,573,10,4,"[22, 22, 22, 22]",59.0,15.0,15.0,inf,1271,0,0,0,0,"[59.0, 15.0]",R-MAT,50,25,34,gexf
cut,cap,first,R-MAT.50.25.34.gexf,50,F,50,5,"[22, 22, 22, 22]",F,F,F,F,F,F,F,F,F,F,R-MAT,50,25,34,gexf
cut,cap,first,R-MAT.50.5.35.gexf,50,190,2,1,"[10, 10, 10, 10]",12.0,8.0,8.0,inf,4740,0,0,0,0,"[12.0, 8.0]",R-MAT,50,5,35,gexf
cut,cap,first,R-MAT.50.5.35.gexf,50,190,3,2,"[10, 10, 10, 10]",12.0,7.0,7.0,inf,4835,0,0,0,0,"[12.0, 7.0]",R-MAT,50,5,35,gexf
cut,cap,first,R-MAT.50.5.35.gexf,50,190,5,3,"[10, 10, 10, 10]",12.0,5.0,5.0,inf,4961,0,0,0,0,"[12.0, 5.0]",R-MAT,50,5,35,gexf
cut,cap,first,R-MAT.50.5.35.gexf,50,F,10,4,"[10, 10, 10, 10]",F,F,F,F,F,F,F,F,F,F,R-MAT,50,5,35,gexf
cut,cap,first,R-MAT.50.5.35.gexf,50,F,50,5,"[10, 10, 10, 10]",F,F,F,F,F,F,F,F,F,F,R-MAT,50,5,35,gexf
cut,cap,first,R-MAT.50.10.35.gexf,50,325,2,1,"[13, 13, 13, 13]",23.0,16.0,16.0,inf,1393,0,0,0,0,"[23.0, 16.0]",R-MAT,50,10,35,gexf
cut,cap,first,R-MAT.50.10.35.gexf,50,325,3,2,"[13, 13, 13, 13]",23.0,14.0,14.0,inf,3177,0,0,0,0,"[23.0, 14.0]",R-MAT,50,10,35,gexf
cut,cap,first,R-MAT.50.10.35.gexf,50,325,5,3,"[13, 13, 13, 13]",23.0,10.0,10.0,inf,2011,0,0,0,0,"[23.0, 10.0]",R-MAT,50,10,35,gexf
cut,cap,first,R-MAT.50.10.35.gexf,50,325,10,4,"[13, 13, 13, 13]",23.0,3.0,3.0,inf,3488,0,0,0,0,"[23.0, 3.0]",R-MAT,50,10,35,gexf
cut,cap,first,R-MAT.50.10.35.gexf,50,F,50,5,"[13, 13, 13, 13]",F,F,F,F,F,F,F,F,F,F,R-MAT,50,10,35,gexf
cut,cap,first,R-MAT.50.25.35.gexf,50,582,2,1,"[22, 22, 22, 22]",75.0,56.0,56.0,inf,1426,0,0,0,0,"[75.0, 56.0]",R-MAT,50,25,35,gexf
cut,cap,first,R-MAT.50.25.35.gexf,50,582,3,2,"[22, 22, 22, 22]",75.0,50.0,50.0,inf,436,0,0,0,0,"[75.0, 50.0]",R-MAT,50,25,35,gexf
cut,cap,first,R-MAT.50.25.35.gexf,50,582,5,3,"[22, 22, 22, 22]",75.0,40.0,40.0,inf,573,0,0,0,0,"[75.0, 40.0]",R-MAT,50,25,35,gexf
cut,cap,first,R-MAT.50.25.35.gexf,50,582,10,4,"[22, 22, 22, 22]",75.0,20.0,20.0,inf,1207,0,0,0,0,"[75.0, 20.0]",R-MAT,50,25,35,gexf
cut,cap,first,R-MAT.50.25.35.gexf,50,F,50,5,"[22, 22, 22, 22]",F,F,F,F,F,F,F,F,F,F,R-MAT,50,25,35,gexf
cut,cap,first,R-MAT.50.5.36.gexf,50,190,2,1,"[9, 9, 9, 9]",12.0,7.0,7.0,inf,4833,0,0,0,0,"[12.0, 7.0]",R-MAT,50,5,36,gexf
cut,cap,first,R-MAT.50.5.36.gexf,50,190,3,2,"[9, 9, 9, 9]",12.0,6.0,6.0,inf,5013,0,0,0,0,"[12.0, 6.0]",R-MAT,50,5,36,gexf
cut,cap,first,R-MAT.50.5.36.gexf,50,190,5,3,"[9, 9, 9, 9]",12.0,4.0,4.0,inf,5191,0,0,0,0,"[12.0, 4.0]",R-MAT,50,5,36,gexf
cut,cap,first,R-MAT.50.5.36.gexf,50,F,10,4,"[9, 9, 9, 9]",F,F,F,F,F,F,F,F,F,F,R-MAT,50,5,36,gexf
cut,cap,first,R-MAT.50.5.36.gexf,50,F,50,5,"[9, 9, 9, 9]",F,F,F,F,F,F,F,F,F,F,R-MAT,50,5,36,gexf
cut,cap,first,R-MAT.50.10.36.gexf,50,337,2,1,"[15, 15, 15, 15]",23.0,16.0,16.0,inf,1391,0,0,0,0,"[23.0, 16.0]",R-MAT,50,10,36,gexf
cut,cap,first,R-MAT.50.10.36.gexf,50,337,3,2,"[15, 15, 15, 15]",23.0,14.0,14.0,inf,1928,0,0,0,0,"[23.0, 14.0]",R-MAT,50,10,36,gexf
cut,cap,first,R-MAT.50.10.36.gexf,50,337,5,3,"[15, 15, 15, 15]",23.0,10.0,10.0,inf,1962,0,0,0,0,"[23.0, 10.0]",R-MAT,50,10,36,gexf
cut,cap,first,R-MAT.50.10.36.gexf,50,337,10,4,"[15, 15, 15, 15]",23.0,5.0,5.0,inf,3373,0,0,0,0,"[23.0, 5.0]",R-MAT,50,10,36,gexf
cut,cap,first,R-MAT.50.10.36.gexf,50,F,50,5,"[15, 15, 15, 15]",F,F,F,F,F,F,F,F,F,F,R-MAT,50,10,36,gexf
cut,cap,first,R-MAT.50.25.36.gexf,50,551,2,1,"[26, 26, 26, 26]",86.0,62.0,62.0,inf,289,0,0,0,0,"[86.0, 62.0]",R-MAT,50,25,36,gexf
cut,cap,first,R-MAT.50.25.36.gexf,50,551,3,2,"[26, 26, 26, 26]",86.0,53.0,53.0,inf,1619,0,0,0,0,"[86.0, 53.0]",R-MAT,50,25,36,gexf
cut,cap,first,R-MAT.50.25.36.gexf,50,551,5,3,"[26, 26, 26, 26]",86.0,40.0,40.0,inf,465,0,0,0,0,"[86.0, 40.0]",R-MAT,50,25,36,gexf
cut,cap,first,R-MAT.50.25.36.gexf,50,551,10,4,"[26, 26, 26, 26]",86.0,21.0,21.0,inf,1285,0,0,0,0,"[86.0, 21.0]",R-MAT,50,25,36,gexf
cut,cap,first,R-MAT.50.25.36.gexf,50,F,50,5,"[26, 26, 26, 26]",F,F,F,F,F,F,F,F,F,F,R-MAT,50,25,36,gexf
cut,cap,first,R-MAT.50.5.37.gexf,50,193,2,1,"[10, 10, 10, 10]",14.0,10.0,10.0,inf,3264,0,0,0,0,"[14.0, 10.0]",R-MAT,50,5,37,gexf
cut,cap,first,R-MAT.50.5.37.gexf,50,193,3,2,"[10, 10, 10, 10]",14.0,8.0,8.0,inf,3255,0,0,0,0,"[14.0, 8.0]",R-MAT,50,5,37,gexf
cut,cap,first,R-MAT.50.5.37.gexf,50,193,5,3,"[10, 10, 10, 10]",14.0,6.0,6.0,inf,4765,0,0,0,0,"[14.0, 6.0]",R-MAT,50,5,37,gexf
cut,cap,first,R-MAT.50.5.37.gexf,50,F,10,4,"[10, 10, 10, 10]",F,F,F,F,F,F,F,F,F,F,R-MAT,50,5,37,gexf
cut,cap,first,R-MAT.50.5.37.gexf,50,F,50,5,"[10, 10, 10, 10]",F,F,F,F,F,F,F,F,F,F,R-MAT,50,5,37,gexf
cut,cap,first,R-MAT.50.10.37.gexf,50,303,2,1,"[14, 14, 14, 14]",24.0,17.0,17.0,inf,2884,0,0,0,0,"[24.0, 17.0]",R-MAT,50,10,37,gexf
cut,cap,first,R-MAT.50.10.37.gexf,50,303,3,2,"[14, 14, 14, 14]",24.0,14.0,14.0,inf,1961,0,0,0,0,"[24.0, 14.0]",R-MAT,50,10,37,gexf
cut,cap,first,R-MAT.50.10.37.gexf,50,303,5,3,"[14, 14, 14, 14]",24.0,10.0,11.0,10.0,2025,1,0,0,0,"[24.0, 11.0, 10.0]",R-MAT,50,10,37,gexf
cut,cap,first,R-MAT.50.10.37.gexf,50,303,10,4,"[14, 14, 14, 14]",24.0,5.0,6.0,5.0,3436,1,0,0,0,"[24.0, 6.0, 5.0]",R-MAT,50,10,37,gexf
cut,cap,first,R-MAT.50.10.37.gexf,50,F,50,5,"[14, 14, 14, 14]",F,F,F,F,F,F,F,F,F,F,R-MAT,50,10,37,gexf
cut,cap,first,R-MAT.50.25.37.gexf,50,564,2,1,"[21, 21, 21, 21]",67.0,46.0,46.0,inf,1674,0,0,0,0,"[67.0, 46.0]",R-MAT,50,25,37,gexf
cut,cap,first,R-MAT.50.25.37.gexf,50,564,3,2,"[21, 21, 21, 21]",67.0,41.0,41.0,inf,549,0,0,0,0,"[67.0, 41.0]",R-MAT,50,25,37,gexf
cut,cap,first,R-MAT.50.25.37.gexf,50,564,5,3,"[21, 21, 21, 21]",67.0,32.0,32.0,inf,879,0,0,0,0,"[67.0, 32.0]",R-MAT,50,25,37,gexf
cut,cap,first,R-MAT.50.25.37.gexf,50,564,10,4,"[21, 21, 21, 21]",67.0,16.0,16.0,inf,1156,0,0,0,0,"[67.0, 16.0]",R-MAT,50,25,37,gexf
cut,cap,first,R-MAT.50.25.37.gexf,50,F,50,5,"[21, 21, 21, 21]",F,F,F,F,F,F,F,F,F,F,R-MAT,50,25,37,gexf
cut,cap,first,R-MAT.50.5.38.gexf,50,202,2,1,"[7, 7, 7, 7]",8.0,5.0,5.0,inf,4796,0,0,0,0,"[8.0, 5.0]",R-MAT,50,5,38,gexf
cut,cap,first,R-MAT.50.5.38.gexf,50,202,3,2,"[7, 7, 7, 7]",8.0,4.0,4.0,inf,4891,0,0,0,0,"[8.0, 4.0]",R-MAT,50,5,38,gexf
cut,cap,first,R-MAT.50.5.38.gexf,50,202,5,3,"[7, 7, 7, 7]",8.0,2.0,2.0,inf,5007,0,0,0,0,"[8.0, 2.0]",R-MAT,50,5,38,gexf
cut,cap,first,R-MAT.50.5.38.gexf,50,F,10,4,"[7, 7, 7, 7]",F,F,F,F,F,F,F,F,F,F,R-MAT,50,5,38,gexf
cut,cap,first,R-MAT.50.5.38.gexf,50,F,50,5,"[7, 7, 7, 7]",F,F,F,F,F,F,F,F,F,F,R-MAT,50,5,38,gexf
cut,cap,first,R-MAT.50.10.38.gexf,50,311,2,1,"[18, 18, 18, 18]",37.0,25.0,25.0,inf,2912,0,0,0,0,"[37.0, 25.0]",R-MAT,50,10,38,gexf
cut,cap,first,R-MAT.50.10.38.gexf,50,311,3,2,"[18, 18, 18, 18]",37.0,22.0,22.0,inf,1371,0,0,0,0,"[37.0, 22.0]",R-MAT,50,10,38,gexf
cut,cap,first,R-MAT.50.10.38.gexf,50,311,5,3,"[18, 18, 18, 18]",37.0,17.0,17.0,inf,1969,0,0,0,0,"[37.0, 17.0]",R-MAT,50,10,38,gexf
cut,cap,first,R-MAT.50.10.38.gexf,50,311,10,4,"[18, 18, 18, 18]",37.0,10.0,10.0,inf,3376,0,0,0,0,"[37.0, 10.0]",R-MAT,50,10,38,gexf
cut,cap,first,R-MAT.50.10.38.gexf,50,F,50,5,"[18, 18, 18, 18]",F,F,F,F,F,F,F,F,F,F,R-MAT,50,10,38,gexf
cut,cap,first,R-MAT.50.25.38.gexf,50,577,2,1,"[25, 25, 25, 25]",77.0,55.0,55.0,inf,274,0,0,0,0,"[77.0, 55.0]",R-MAT,50,25,38,gexf
cut,cap,first,R-MAT.50.25.38.gexf,50,577,3,2,"[25, 25, 25, 25]",77.0,45.0,45.0,inf,1730,0,0,0,0,"[77.0, 45.0]",R-MAT,50,25,38,gexf
cut,cap,first,R-MAT.50.25.38.gexf,50,577,5,3,"[25, 25, 25, 25]",77.0,36.0,36.0,inf,668,0,0,0,0,"[77.0, 36.0]",R-MAT,50,25,38,gexf
cut,cap,first,R-MAT.50.25.38.gexf,50,577,10,4,"[25, 25, 25, 25]",77.0,21.0,21.0,inf,1253,0,0,0,0,"[77.0, 21.0]",R-MAT,50,25,38,gexf
cut,cap,first,R-MAT.50.25.38.gexf,50,F,50,5,"[25, 25, 25, 25]",F,F,F,F,F,F,F,F,F,F,R-MAT,50,25,38,gexf
cut,cap,first,R-MAT.50.5.39.gexf,50,203,2,1,"[8, 8, 8, 8]",11.0,7.0,7.0,inf,2996,0,0,0,0,"[11.0, 7.0]",R-MAT,50,5,39,gexf
cut,cap,first,R-MAT.50.5.39.gexf,50,203,3,2,"[8, 8, 8, 8]",11.0,5.0,5.0,inf,3467,0,0,0,0,"[11.0, 5.0]",R-MAT,50,5,39,gexf
cut,cap,first,R-MAT.50.5.39.gexf,50,203,5,3,"[8, 8, 8, 8]",11.0,3.0,3.0,inf,5067,0,0,0,0,"[11.0, 3.0]",R-MAT,50,5,39,gexf
cut,cap,first,R-MAT.50.5.39.gexf,50,F,10,4,"[8, 8, 8, 8]",F,F,F,F,F,F,F,F,F,F,R-MAT,50,5,39,gexf
cut,cap,first,R-MAT.50.5.39.gexf,50,F,50,5,"[8, 8, 8, 8]",F,F,F,F,F,F,F,F,F,F,R-MAT,50,5,39,gexf
cut,cap,first,R-MAT.50.10.39.gexf,50,309,2,1,"[13, 13, 13, 13]",21.0,15.0,15.0,inf,2447,0,0,0,0,"[21.0, 15.0]",R-MAT,50,10,39,gexf
cut,cap,first,R-MAT.50.10.39.gexf,50,309,3,2,"[13, 13, 13, 13]",21.0,13.0,13.0,inf,2072,0,0,0,0,"[21.0, 13.0]",R-MAT,50,10,39,gexf
cut,cap,first,R-MAT.50.10.39.gexf,50,309,5,3,"[13, 13, 13, 13]",21.0,9.0,9.0,inf,2436,0,0,0,0,"[21.0, 9.0]",R-MAT,50,10,39,gexf
cut,cap,first,R-MAT.50.10.39.gexf,50,309,10,4,"[13, 13, 13, 13]",21.0,4.0,4.0,inf,3544,0,0,0,0,"[21.0, 4.0]",R-MAT,50,10,39,gexf
cut,cap,first,R-MAT.50.10.39.gexf,50,F,50,5,"[13, 13, 13, 13]",F,F,F,F,F,F,F,F,F,F,R-MAT,50,10,39,gexf
cut,cap,first,R-MAT.50.25.39.gexf,50,563,2,1,"[21, 21, 21, 21]",72.0,55.0,55.0,inf,543,0,0,0,0,"[72.0, 55.0]",R-MAT,50,25,39,gexf
cut,cap,first,R-MAT.50.25.39.gexf,50,563,3,2,"[21, 21, 21, 21]",72.0,49.0,49.0,inf,484,0,0,0,0,"[72.0, 49.0]",R-MAT,50,25,39,gexf
cut,cap,first,R-MAT.50.25.39.gexf,50,563,5,3,"[21, 21, 21, 21]",72.0,39.0,39.0,inf,1447,0,0,0,0,"[72.0, 39.0]",R-MAT,50,25,39,gexf
cut,cap,first,R-MAT.50.25.39.gexf,50,563,10,4,"[21, 21, 21, 21]",72.0,19.0,19.0,inf,925,0,0,0,0,"[72.0, 19.0]",R-MAT,50,25,39,gexf
cut,cap,first,R-MAT.50.25.39.gexf,50,F,50,5,"[21, 21, 21, 21]",F,F,F,F,F,F,F,F,F,F,R-MAT,50,25,39,gexf
cut,cap,first,R-MAT.50.5.40.gexf,50,186,2,1,"[6, 6, 6, 6]",9.0,5.0,5.0,inf,2989,0,0,0,0,"[9.0, 5.0]",R-MAT,50,5,40,gexf
cut,cap,first,R-MAT.50.5.40.gexf,50,186,3,2,"[6, 6, 6, 6]",9.0,3.0,4.0,3.0,3023,1,0,0,0,"[9.0, 4.0, 3.0]",R-MAT,50,5,40,gexf
cut,cap,first,R-MAT.50.5.40.gexf,50,186,5,3,"[6, 6, 6, 6]",9.0,2.0,2.0,inf,5312,0,0,0,0,"[9.0, 2.0]",R-MAT,50,5,40,gexf
cut,cap,first,R-MAT.50.5.40.gexf,50,F,10,4,"[6, 6, 6, 6]",F,F,F,F,F,F,F,F,F,F,R-MAT,50,5,40,gexf
cut,cap,first,R-MAT.50.5.40.gexf,50,F,50,5,"[6, 6, 6, 6]",F,F,F,F,F,F,F,F,F,F,R-MAT,50,5,40,gexf
cut,cap,first,R-MAT.50.10.40.gexf,50,337,2,1,"[14, 14, 14, 14]",24.0,17.0,17.0,inf,1348,0,0,0,0,"[24.0, 17.0]",R-MAT,50,10,40,gexf
cut,cap,first,R-MAT.50.10.40.gexf,50,337,3,2,"[14, 14, 14, 14]",24.0,14.0,14.0,inf,1873,0,0,0,0,"[24.0, 14.0]",R-MAT,50,10,40,gexf
cut,cap,first,R-MAT.50.10.40.gexf,50,337,5,3,"[14, 14, 14, 14]",24.0,10.0,10.0,inf,2366,0,0,0,0,"[24.0, 10.0]",R-MAT,50,10,40,gexf
cut,cap,first,R-MAT.50.10.40.gexf,50,337,10,4,"[14, 14, 14, 14]",24.0,4.0,4.0,inf,3227,0,0,0,0,"[24.0, 4.0]",R-MAT,50,10,40,gexf
cut,cap,first,R-MAT.50.10.40.gexf,50,F,50,5,"[14, 14, 14, 14]",F,F,F,F,F,F,F,F,F,F,R-MAT,50,10,40,gexf
cut,cap,first,R-MAT.50.25.40.gexf,50,560,2,1,"[26, 26, 26, 26]",86.0,64.0,64.0,inf,1535,0,0,0,0,"[86.0, 64.0]",R-MAT,50,25,40,gexf
cut,cap,first,R-MAT.50.25.40.gexf,50,560,3,2,"[26, 26, 26, 26]",86.0,58.0,58.0,inf,1015,0,0,0,0,"[86.0, 58.0]",R-MAT,50,25,40,gexf
cut,cap,first,R-MAT.50.25.40.gexf,50,560,5,3,"[26, 26, 26, 26]",86.0,46.0,46.0,inf,719,0,0,0,0,"[86.0, 46.0]",R-MAT,50,25,40,gexf
cut,cap,first,R-MAT.50.25.40.gexf,50,560,10,4,"[26, 26, 26, 26]",86.0,25.0,25.0,inf,914,0,0,0,0,"[86.0, 25.0]",R-MAT,50,25,40,gexf
cut,cap,first,R-MAT.50.25.40.gexf,50,F,50,5,"[26, 26, 26, 26]",F,F,F,F,F,F,F,F,F,F,R-MAT,50,25,40,gexf
cut,cap,first,R-MAT.50.5.41.gexf,50,195,2,1,"[10, 10, 10, 10]",11.0,8.0,9.0,8.0,4297,1,0,0,0,"[11.0, 9.0, 8.0]",R-MAT,50,5,41,gexf
cut,cap,first,R-MAT.50.5.41.gexf,50,195,3,2,"[10, 10, 10, 10]",11.0,7.0,8.0,7.0,4471,1,0,0,0,"[11.0, 8.0, 7.0]",R-MAT,50,5,41,gexf
cut,cap,first,R-MAT.50.5.41.gexf,50,195,5,3,"[10, 10, 10, 10]",11.0,5.0,6.0,5.0,4631,1,0,0,0,"[11.0, 6.0, 5.0]",R-MAT,50,5,41,gexf
cut,cap,first,R-MAT.50.5.41.gexf,50,F,10,4,"[10, 10, 10, 10]",F,F,F,F,F,F,F,F,F,F,R-MAT,50,5,41,gexf
cut,cap,first,R-MAT.50.5.41.gexf,50,F,50,5,"[10, 10, 10, 10]",F,F,F,F,F,F,F,F,F,F,R-MAT,50,5,41,gexf
cut,cap,first,R-MAT.50.10.41.gexf,50,332,2,1,"[18, 18, 18, 18]",38.0,25.0,25.0,inf,806,0,0,0,0,"[38.0, 25.0]",R-MAT,50,10,41,gexf
cut,cap,first,R-MAT.50.10.41.gexf,50,332,3,2,"[18, 18, 18, 18]",38.0,21.0,21.0,inf,1022,0,0,0,0,"[38.0, 21.0]",R-MAT,50,10,41,gexf
cut,cap,first,R-MAT.50.10.41.gexf,50,332,5,3,"[18, 18, 18, 18]",38.0,16.0,16.0,inf,1874,0,0,0,0,"[38.0, 16.0]",R-MAT,50,10,41,gexf
cut,cap,first,R-MAT.50.10.41.gexf,50,332,10,4,"[18, 18, 18, 18]",38.0,8.0,9.0,8.0,3128,1,0,0,0,"[38.0, 9.0, 8.0]",R-MAT,50,10,41,gexf
cut,cap,first,R-MAT.50.10.41.gexf,50,F,50,5,"[18, 18, 18, 18]",F,F,F,F,F,F,F,F,F,F,R-MAT,50,10,41,gexf
cut,cap,first,R-MAT.50.25.41.gexf,50,565,2,1,"[24, 24, 24, 24]",71.0,54.0,54.0,inf,641,0,0,0,0,"[71.0, 54.0]",R-MAT,50,25,41,gexf
cut,cap,first,R-MAT.50.25.41.gexf,50,565,3,2,"[24, 24, 24, 24]",71.0,48.0,48.0,inf,462,0,0,0,0,"[71.0, 48.0]",R-MAT,50,25,41,gexf
cut,cap,first,R-MAT.50.25.41.gexf,50,565,5,3,"[24, 24, 24, 24]",71.0,40.0,40.0,inf,667,0,0,0,0,"[71.0, 40.0]",R-MAT,50,25,41,gexf
cut,cap,first,R-MAT.50.25.41.gexf,50,565,10,4,"[24, 24, 24, 24]",71.0,22.0,22.0,inf,921,0,0,0,0,"[71.0, 22.0]",R-MAT,50,25,41,gexf
cut,cap,first,R-MAT.50.25.41.gexf,50,F,50,5,"[24, 24, 24, 24]",F,F,F,F,F,F,F,F,F,F,R-MAT,50,25,41,gexf
cut,cap,first,R-MAT.50.5.42.gexf,50,180,2,1,"[9, 9, 9, 9]",10.0,7.0,7.0,inf,4965,0,0,0,0,"[10.0, 7.0]",R-MAT,50,5,42,gexf
cut,cap,first,R-MAT.50.5.42.gexf,50,180,3,2,"[9, 9, 9, 9]",10.0,6.0,6.0,inf,5068,0,0,0,0,"[10.0, 6.0]",R-MAT,50,5,42,gexf
cut,cap,first,R-MAT.50.5.42.gexf,50,180,5,3,"[9, 9, 9, 9]",10.0,4.0,4.0,inf,5502,0,0,0,0,"[10.0, 4.0]",R-MAT,50,5,42,gexf
cut,cap,first,R-MAT.50.5.42.gexf,50,F,10,4,"[9, 9, 9, 9]",F,F,F,F,F,F,F,F,F,F,R-MAT,50,5,42,gexf
cut,cap,first,R-MAT.50.5.42.gexf,50,F,50,5,"[9, 9, 9, 9]",F,F,F,F,F,F,F,F,F,F,R-MAT,50,5,42,gexf
cut,cap,first,R-MAT.50.10.42.gexf,50,328,2,1,"[18, 18, 18, 18]",29.0,22.0,22.0,inf,1324,0,0,0,0,"[29.0, 22.0]",R-MAT,50,10,42,gexf
cut,cap,first,R-MAT.50.10.42.gexf,50,328,3,2,"[18, 18, 18, 18]",29.0,20.0,20.0,inf,1822,0,0,0,0,"[29.0, 20.0]",R-MAT,50,10,42,gexf
cut,cap,first,R-MAT.50.10.42.gexf,50,328,5,3,"[18, 18, 18, 18]",29.0,16.0,16.0,inf,2140,0,0,0,0,"[29.0, 16.0]",R-MAT,50,10,42,gexf
cut,cap,first,R-MAT.50.10.42.gexf,50,328,10,4,"[18, 18, 18, 18]",29.0,8.0,8.0,inf,3266,0,0,0,0,"[29.0, 8.0]",R-MAT,50,10,42,gexf
cut,cap,first,R-MAT.50.10.42.gexf,50,F,50,5,"[18, 18, 18, 18]",F,F,F,F,F,F,F,F,F,F,R-MAT,50,10,42,gexf
cut,cap,first,R-MAT.50.25.42.gexf,50,575,2,1,"[26, 26, 26, 26]",74.0,55.0,55.0,inf,629,0,0,0,0,"[74.0, 55.0]",R-MAT,50,25,42,gexf
cut,cap,first,R-MAT.50.25.42.gexf,50,575,3,2,"[26, 26, 26, 26]",74.0,49.0,49.0,inf,531,0,0,0,0,"[74.0, 49.0]",R-MAT,50,25,42,gexf
cut,cap,first,R-MAT.50.25.42.gexf,50,575,5,3,"[26, 26, 26, 26]",74.0,38.0,38.0,inf,1160,0,0,0,0,"[74.0, 38.0]",R-MAT,50,25,42,gexf
cut,cap,first,R-MAT.50.25.42.gexf,50,575,10,4,"[26, 26, 26, 26]",74.0,19.0,19.0,inf,1258,0,0,0,0,"[74.0, 19.0]",R-MAT,50,25,42,gexf
cut,cap,first,R-MAT.50.25.42.gexf,50,F,50,5,"[26, 26, 26, 26]",F,F,F,F,F,F,F,F,F,F,R-MAT,50,25,42,gexf
cut,cap,first,R-MAT.50.5.43.gexf,50,191,2,1,"[8, 8, 8, 8]",10.0,7.0,7.0,inf,4588,0,0,0,0,"[10.0, 7.0]",R-MAT,50,5,43,gexf
cut,cap,first,R-MAT.50.5.43.gexf,50,191,3,2,"[8, 8, 8, 8]",10.0,6.0,6.0,inf,4629,0,0,0,0,"[10.0, 6.0]",R-MAT,50,5,43,gexf
cut,cap,first,R-MAT.50.5.43.gexf,50,191,5,3,"[8, 8, 8, 8]",10.0,4.0,4.0,inf,4960,0,0,0,0,"[10.0, 4.0]",R-MAT,50,5,43,gexf
cut,cap,first,R-MAT.50.5.43.gexf,50,F,10,4,"[8, 8, 8, 8]",F,F,F,F,F,F,F,F,F,F,R-MAT,50,5,43,gexf
cut,cap,first,R-MAT.50.5.43.gexf,50,F,50,5,"[8, 8, 8, 8]",F,F,F,F,F,F,F,F,F,F,R-MAT,50,5,43,gexf
cut,cap,first,R-MAT.50.10.43.gexf,50,323,2,1,"[19, 19, 19, 19]",27.0,21.0,21.0,inf,1587,0,0,0,0,"[27.0, 21.0]",R-MAT,50,10,43,gexf
cut,cap,first,R-MAT.50.10.43.gexf,50,323,3,2,"[19, 19, 19, 19]",27.0,19.0,19.0,inf,1878,0,0,0,0,"[27.0, 19.0]",R-MAT,50,10,43,gexf
cut,cap,first,R-MAT.50.10.43.gexf,50,323,5,3,"[19, 19, 19, 19]",27.0,15.0,15.0,inf,1976,0,0,0,0,"[27.0, 15.0]",R-MAT,50,10,43,gexf
cut,cap,first,R-MAT.50.10.43.gexf,50,323,10,4,"[19, 19, 19, 19]",27.0,10.0,10.0,inf,3383,0,0,0,0,"[27.0, 10.0]",R-MAT,50,10,43,gexf
cut,cap,first,R-MAT.50.10.43.gexf,50,F,50,5,"[19, 19, 19, 19]",F,F,F,F,F,F,F,F,F,F,R-MAT,50,10,43,gexf
cut,cap,first,R-MAT.50.25.43.gexf,50,578,2,1,"[23, 23, 23, 23]",69.0,52.0,52.0,inf,347,0,0,0,0,"[69.0, 52.0]",R-MAT,50,25,43,gexf
cut,cap,first,R-MAT.50.25.43.gexf,50,578,3,2,"[23, 23, 23, 23]",69.0,46.0,46.0,inf,1099,0,0,0,0,"[69.0, 46.0]",R-MAT,50,25,43,gexf
cut,cap,first,R-MAT.50.25.43.gexf,50,578,5,3,"[23, 23, 23, 23]",69.0,36.0,36.0,inf,600,0,0,0,0,"[69.0, 36.0]",R-MAT,50,25,43,gexf
cut,cap,first,R-MAT.50.25.43.gexf,50,578,10,4,"[23, 23, 23, 23]",69.0,17.0,17.0,inf,989,0,0,0,0,"[69.0, 17.0]",R-MAT,50,25,43,gexf
cut,cap,first,R-MAT.50.25.43.gexf,50,F,50,5,"[23, 23, 23, 23]",F,F,F,F,F,F,F,F,F,F,R-MAT,50,25,43,gexf
cut,cap,first,R-MAT.50.5.44.gexf,50,184,2,1,"[10, 10, 10, 10]",11.0,8.0,8.0,inf,4584,0,0,0,0,"[11.0, 8.0]",R-MAT,50,5,44,gexf
cut,cap,first,R-MAT.50.5.44.gexf,50,184,3,2,"[10, 10, 10, 10]",11.0,7.0,7.0,inf,4587,0,0,0,0,"[11.0, 7.0]",R-MAT,50,5,44,gexf
cut,cap,first,R-MAT.50.5.44.gexf,50,184,5,3,"[10, 10, 10, 10]",11.0,5.0,5.0,inf,4869,0,0,0,0,"[11.0, 5.0]",R-MAT,50,5,44,gexf
cut,cap,first,R-MAT.50.5.44.gexf,50,F,10,4,"[10, 10, 10, 10]",F,F,F,F,F,F,F,F,F,F,R-MAT,50,5,44,gexf
cut,cap,first,R-MAT.50.5.44.gexf,50,F,50,5,"[10, 10, 10, 10]",F,F,F,F,F,F,F,F,F,F,R-MAT,50,5,44,gexf
cut,cap,first,R-MAT.50.10.44.gexf,50,328,2,1,"[15, 15, 15, 15]",32.0,20.0,23.0,20.0,1235,1,0,0,0,"[32.0, 23.0, 20.0]",R-MAT,50,10,44,gexf
cut,cap,first,R-MAT.50.10.44.gexf,50,328,3,2,"[15, 15, 15, 15]",32.0,17.0,21.0,17.0,1314,1,0,0,0,"[32.0, 21.0, 17.0]",R-MAT,50,10,44,gexf
cut,cap,first,R-MAT.50.10.44.gexf,50,328,5,3,"[15, 15, 15, 15]",32.0,15.0,17.0,15.0,2460,1,0,0,0,"[32.0, 17.0, 15.0]",R-MAT,50,10,44,gexf
cut,cap,first,R-MAT.50.10.44.gexf,50,328,10,4,"[15, 15, 15, 15]",32.0,7.0,9.0,7.0,4681,1,0,0,0,"[32.0, 9.0, 7.0]",R-MAT,50,10,44,gexf
cut,cap,first,R-MAT.50.10.44.gexf,50,F,50,5,"[15, 15, 15, 15]",F,F,F,F,F,F,F,F,F,F,R-MAT,50,10,44,gexf
cut,cap,first,R-MAT.50.25.44.gexf,50,558,2,1,"[26, 26, 26, 26]",60.0,45.0,45.0,inf,568,0,0,0,0,"[60.0, 45.0]",R-MAT,50,25,44,gexf
cut,cap,first,R-MAT.50.25.44.gexf,50,558,3,2,"[26, 26, 26, 26]",60.0,41.0,41.0,inf,693,0,0,0,0,"[60.0, 41.0]",R-MAT,50,25,44,gexf
cut,cap,first,R-MAT.50.25.44.gexf,50,558,5,3,"[26, 26, 26, 26]",60.0,34.0,34.0,inf,1923,0,0,0,0,"[60.0, 34.0]",R-MAT,50,25,44,gexf
cut,cap,first,R-MAT.50.25.44.gexf,50,558,10,4,"[26, 26, 26, 26]",60.0,21.0,21.0,inf,1986,0,0,0,0,"[60.0, 21.0]",R-MAT,50,25,44,gexf
cut,cap,first,R-MAT.50.25.44.gexf,50,F,50,5,"[26, 26, 26, 26]",F,F,F,F,F,F,F,F,F,F,R-MAT,50,25,44,gexf
cut,cap,first,R-MAT.50.5.45.gexf,50,186,2,1,"[8, 8, 8, 8]",14.0,7.0,8.0,7.0,3010,1,0,0,0,"[14.0, 8.0, 7.0]",R-MAT,50,5,45,gexf
cut,cap,first,R-MAT.50.5.45.gexf,50,186,3,2,"[8, 8, 8, 8]",14.0,5.0,7.0,5.0,3111,1,0,0,0,"[14.0, 7.0, 5.0]",R-MAT,50,5,45,gexf
cut,cap,first,R-MAT.50.5.45.gexf,50,186,5,3,"[8, 8, 8, 8]",14.0,3.0,5.0,3.0,5084,1,0,0,0,"[14.0, 5.0, 3.0]",R-MAT,50,5,45,gexf
cut,cap,first,R-MAT.50.5.45.gexf,50,F,10,4,"[8, 8, 8, 8]",F,F,F,F,F,F,F,F,F,F,R-MAT,50,5,45,gexf
cut,cap,first,R-MAT.50.5.45.gexf,50,F,50,5,"[8, 8, 8, 8]",F,F,F,F,F,F,F,F,F,F,R-MAT,50,5,45,gexf
cut,cap,first,R-MAT.50.10.45.gexf,50,334,2,1,"[13, 13, 13, 13]",23.0,13.0,13.0,inf,3056,0,0,0,0,"[23.0, 13.0]",R-MAT,50,10,45,gexf
cut,cap,first,R-MAT.50.10.45.gexf,50,334,3,2,"[13, 13, 13, 13]",23.0,11.0,11.0,inf,1927,0,0,0,0,"[23.0, 11.0]",R-MAT,50,10,45,gexf
cut,cap,first,R-MAT.50.10.45.gexf,50,334,5,3,"[13, 13, 13, 13]",23.0,9.0,9.0,inf,3217,0,0,0,0,"[23.0, 9.0]",R-MAT,50,10,45,gexf
cut,cap,first,R-MAT.50.10.45.gexf,50,334,10,4,"[13, 13, 13, 13]",23.0,4.0,4.0,inf,3436,0,0,0,0,"[23.0, 4.0]",R-MAT,50,10,45,gexf
cut,cap,first,R-MAT.50.10.45.gexf,50,F,50,5,"[13, 13, 13, 13]",F,F,F,F,F,F,F,F,F,F,R-MAT,50,10,45,gexf
cut,cap,first,R-MAT.50.25.45.gexf,50,558,2,1,"[22, 22, 22, 22]",83.0,64.0,68.0,64.0,629,2,0,0,0,"[83.0, 68.0, 65.0, 64.0]",R-MAT,50,25,45,gexf
cut,cap,first,R-MAT.50.25.45.gexf,50,558,3,2,"[22, 22, 22, 22]",83.0,55.0,64.0,55.0,516,3,0,0,0,"[83.0, 64.0, 61.0, 56.0, 55.0]",R-MAT,50,25,45,gexf
cut,cap,first,R-MAT.50.25.45.gexf,50,558,5,3,"[22, 22, 22, 22]",83.0,41.0,57.0,41.0,615,5,0,0,0,"[83.0, 57.0, 56.0, 52.0, 48.0, 46.0, 41.0]",R-MAT,50,25,45,gexf
cut,cap,first,R-MAT.50.25.45.gexf,50,558,10,4,"[22, 22, 22, 22]",83.0,45.0,45.0,inf,1368,0,0,0,0,"[83.0, 45.0]",R-MAT,50,25,45,gexf
cut,cap,first,R-MAT.50.25.45.gexf,50,F,50,5,"[22, 22, 22, 22]",F,F,F,F,F,F,F,F,F,F,R-MAT,50,25,45,gexf
cut,cap,first,R-MAT.50.5.46.gexf,50,201,2,1,"[8, 8, 8, 8]",11.0,7.0,8.0,7.0,3292,1,0,0,0,"[11.0, 8.0, 7.0]",R-MAT,50,5,46,gexf
cut,cap,first,R-MAT.50.5.46.gexf,50,201,3,2,"[8, 8, 8, 8]",11.0,6.0,7.0,6.0,4294,1,0,0,0,"[11.0, 7.0, 6.0]",R-MAT,50,5,46,gexf
cut,cap,first,R-MAT.50.5.46.gexf,50,201,5,3,"[8, 8, 8, 8]",11.0,4.0,5.0,4.0,4415,1,0,0,0,"[11.0, 5.0, 4.0]",R-MAT,50,5,46,gexf
cut,cap,first,R-MAT.50.5.46.gexf,50,F,10,4,"[8, 8, 8, 8]",F,F,F,F,F,F,F,F,F,F,R-MAT,50,5,46,gexf
cut,cap,first,R-MAT.50.5.46.gexf,50,F,50,5,"[8, 8, 8, 8]",F,F,F,F,F,F,F,F,F,F,R-MAT,50,5,46,gexf
cut,cap,first,R-MAT.50.10.46.gexf,50,337,2,1,"[12, 12, 12, 12]",21.0,14.0,14.0,inf,1334,0,0,0,0,"[21.0, 14.0]",R-MAT,50,10,46,gexf
cut,cap,first,R-MAT.50.10.46.gexf,50,337,3,2,"[12, 12, 12, 12]",21.0,12.0,12.0,inf,1910,0,0,0,0,"[21.0, 12.0]",R-MAT,50,10,46,gexf
cut,cap,first,R-MAT.50.10.46.gexf,50,337,5,3,"[12, 12, 12, 12]",21.0,8.0,8.0,inf,2257,0,0,0,0,"[21.0, 8.0]",R-MAT,50,10,46,gexf
cut,cap,first,R-MAT.50.10.46.gexf,50,337,10,4,"[12, 12, 12, 12]",21.0,2.0,2.0,inf,3395,0,0,0,0,"[21.0, 2.0]",R-MAT,50,10,46,gexf
cut,cap,first,R-MAT.50.10.46.gexf,50,F,50,5,"[12, 12, 12, 12]",F,F,F,F,F,F,F,F,F,F,R-MAT,50,10,46,gexf
cut,cap,first,R-MAT.50.25.46.gexf,50,574,2,1,"[25, 25, 25, 25]",73.0,47.0,47.0,inf,347,0,0,0,0,"[73.0, 47.0]",R-MAT,50,25,46,gexf
cut,cap,first,R-MAT.50.25.46.gexf,50,574,3,2,"[25, 25, 25, 25]",73.0,41.0,41.0,inf,665,0,0,0,0,"[73.0, 41.0]",R-MAT,50,25,46,gexf
cut,cap,first,R-MAT.50.25.46.gexf,50,574,5,3,"[25, 25, 25, 25]",73.0,32.0,32.0,inf,1167,0,0,0,0,"[73.0, 32.0]",R-MAT,50,25,46,gexf
cut,cap,first,R-MAT.50.25.46.gexf,50,574,10,4,"[25, 25, 25, 25]",73.0,17.0,17.0,inf,1245,0,0,0,0,"[73.0, 17.0]",R-MAT,50,25,46,gexf
cut,cap,first,R-MAT.50.25.46.gexf,50,F,50,5,"[25, 25, 25, 25]",F,F,F,F,F,F,F,F,F,F,R-MAT,50,25,46,gexf
cut,cap,first,R-MAT.50.5.47.gexf,50,192,2,1,"[5, 5, 5, 5]",6.0,3.0,3.0,inf,5087,0,0,0,0,"[6.0, 3.0]",R-MAT,50,5,47,gexf
cut,cap,first,R-MAT.50.5.47.gexf,50,192,3,2,"[5, 5, 5, 5]",6.0,2.0,2.0,inf,5231,0,0,0,0,"[6.0, 2.0]",R-MAT,50,5,47,gexf
cut,cap,first,R-MAT.50.5.47.gexf,50,F,5,3,"[5, 5, 5, 5]",F,F,F,F,F,F,F,F,F,F,R-MAT,50,5,47,gexf
cut,cap,first,R-MAT.50.5.47.gexf,50,F,10,4,"[5, 5, 5, 5]",F,F,F,F,F,F,F,F,F,F,R-MAT,50,5,47,gexf
cut,cap,first,R-MAT.50.5.47.gexf,50,F,50,5,"[5, 5, 5, 5]",F,F,F,F,F,F,F,F,F,F,R-MAT,50,5,47,gexf
cut,cap,first,R-MAT.50.10.47.gexf,50,334,2,1,"[12, 12, 12, 12]",22.0,13.0,13.0,inf,1095,0,0,0,0,"[22.0, 13.0]",R-MAT,50,10,47,gexf
cut,cap,first,R-MAT.50.10.47.gexf,50,334,3,2,"[12, 12, 12, 12]",22.0,10.0,10.0,inf,1983,0,0,0,0,"[22.0, 10.0]",R-MAT,50,10,47,gexf
cut,cap,first,R-MAT.50.10.47.gexf,50,334,5,3,"[12, 12, 12, 12]",22.0,7.0,7.0,inf,3272,0,0,0,0,"[22.0, 7.0]",R-MAT,50,10,47,gexf
cut,cap,first,R-MAT.50.10.47.gexf,50,334,10,4,"[12, 12, 12, 12]",22.0,2.0,2.0,inf,3438,0,0,0,0,"[22.0, 2.0]",R-MAT,50,10,47,gexf
cut,cap,first,R-MAT.50.10.47.gexf,50,F,50,5,"[12, 12, 12, 12]",F,F,F,F,F,F,F,F,F,F,R-MAT,50,10,47,gexf
cut,cap,first,R-MAT.50.25.47.gexf,50,579,2,1,"[21, 21, 21, 21]",70.0,51.0,51.0,inf,451,0,0,0,0,"[70.0, 51.0]",R-MAT,50,25,47,gexf
cut,cap,first,R-MAT.50.25.47.gexf,50,579,3,2,"[21, 21, 21, 21]",70.0,45.0,45.0,inf,454,0,0,0,0,"[70.0, 45.0]",R-MAT,50,25,47,gexf
cut,cap,first,R-MAT.50.25.47.gexf,50,579,5,3,"[21, 21, 21, 21]",70.0,35.0,35.0,inf,868,0,0,0,0,"[70.0, 35.0]",R-MAT,50,25,47,gexf
cut,cap,first,R-MAT.50.25.47.gexf,50,579,10,4,"[21, 21, 21, 21]",70.0,18.0,18.0,inf,911,0,0,0,0,"[70.0, 18.0]",R-MAT,50,25,47,gexf
cut,cap,first,R-MAT.50.25.47.gexf,50,F,50,5,"[21, 21, 21, 21]",F,F,F,F,F,F,F,F,F,F,R-MAT,50,25,47,gexf
cut,cap,first,R-MAT.50.5.48.gexf,50,196,2,1,"[4, 4, 4, 4]",6.0,2.0,2.0,inf,3143,0,0,0,0,"[6.0, 2.0]",R-MAT,50,5,48,gexf
cut,cap,first,R-MAT.50.5.48.gexf,50,196,3,2,"[4, 4, 4, 4]",6.0,1.0,1.0,inf,5350,0,0,0,0,"[6.0, 1.0]",R-MAT,50,5,48,gexf
cut,cap,first,R-MAT.50.5.48.gexf,50,F,5,3,"[4, 4, 4, 4]",F,F,F,F,F,F,F,F,F,F,R-MAT,50,5,48,gexf
cut,cap,first,R-MAT.50.5.48.gexf,50,F,10,4,"[4, 4, 4, 4]",F,F,F,F,F,F,F,F,F,F,R-MAT,50,5,48,gexf
cut,cap,first,R-MAT.50.5.48.gexf,50,F,50,5,"[4, 4, 4, 4]",F,F,F,F,F,F,F,F,F,F,R-MAT,50,5,48,gexf
cut,cap,first,R-MAT.50.10.48.gexf,50,311,2,1,"[18, 18, 18, 18]",34.0,24.0,24.0,inf,2749,0,0,0,0,"[34.0, 24.0]",R-MAT,50,10,48,gexf
cut,cap,first,R-MAT.50.10.48.gexf,50,311,3,2,"[18, 18, 18, 18]",34.0,20.0,20.0,inf,1612,0,0,0,0,"[34.0, 20.0]",R-MAT,50,10,48,gexf
cut,cap,first,R-MAT.50.10.48.gexf,50,311,5,3,"[18, 18, 18, 18]",34.0,15.0,15.0,inf,3178,0,0,0,0,"[34.0, 15.0]",R-MAT,50,10,48,gexf
cut,cap,first,R-MAT.50.10.48.gexf,50,311,10,4,"[18, 18, 18, 18]",34.0,8.0,8.0,inf,3507,0,0,0,0,"[34.0, 8.0]",R-MAT,50,10,48,gexf
cut,cap,first,R-MAT.50.10.48.gexf,50,F,50,5,"[18, 18, 18, 18]",F,F,F,F,F,F,F,F,F,F,R-MAT,50,10,48,gexf
cut,cap,first,R-MAT.50.25.48.gexf,50,562,2,1,"[21, 21, 21, 21]",75.0,51.0,51.0,inf,534,0,0,0,0,"[75.0, 51.0]",R-MAT,50,25,48,gexf
cut,cap,first,R-MAT.50.25.48.gexf,50,562,3,2,"[21, 21, 21, 21]",75.0,43.0,43.0,inf,535,0,0,0,0,"[75.0, 43.0]",R-MAT,50,25,48,gexf
cut,cap,first,R-MAT.50.25.48.gexf,50,562,5,3,"[21, 21, 21, 21]",75.0,32.0,32.0,inf,688,0,0,0,0,"[75.0, 32.0]",R-MAT,50,25,48,gexf
cut,cap,first,R-MAT.50.25.48.gexf,50,562,10,4,"[21, 21, 21, 21]",75.0,15.0,15.0,inf,1142,0,0,0,0,"[75.0, 15.0]",R-MAT,50,25,48,gexf
cut,cap,first,R-MAT.50.25.48.gexf,50,F,50,5,"[21, 21, 21, 21]",F,F,F,F,F,F,F,F,F,F,R-MAT,50,25,48,gexf
cut,cap,first,R-MAT.50.5.49.gexf,50,191,2,1,"[10, 10, 10, 10]",12.0,8.0,8.0,inf,4575,0,0,0,0,"[12.0, 8.0]",R-MAT,50,5,49,gexf
cut,cap,first,R-MAT.50.5.49.gexf,50,191,3,2,"[10, 10, 10, 10]",12.0,7.0,7.0,inf,4592,0,0,0,0,"[12.0, 7.0]",R-MAT,50,5,49,gexf
cut,cap,first,R-MAT.50.5.49.gexf,50,191,5,3,"[10, 10, 10, 10]",12.0,5.0,5.0,inf,4992,0,0,0,0,"[12.0, 5.0]",R-MAT,50,5,49,gexf
cut,cap,first,R-MAT.50.5.49.gexf,50,F,10,4,"[10, 10, 10, 10]",F,F,F,F,F,F,F,F,F,F,R-MAT,50,5,49,gexf
cut,cap,first,R-MAT.50.5.49.gexf,50,F,50,5,"[10, 10, 10, 10]",F,F,F,F,F,F,F,F,F,F,R-MAT,50,5,49,gexf
cut,cap,first,R-MAT.50.10.49.gexf,50,325,2,1,"[18, 18, 18, 18]",31.0,23.0,23.0,inf,1040,0,0,0,0,"[31.0, 23.0]",R-MAT,50,10,49,gexf
cut,cap,first,R-MAT.50.10.49.gexf,50,325,3,2,"[18, 18, 18, 18]",31.0,20.0,20.0,inf,2905,0,0,0,0,"[31.0, 20.0]",R-MAT,50,10,49,gexf
cut,cap,first,R-MAT.50.10.49.gexf,50,325,5,3,"[18, 18, 18, 18]",31.0,16.0,16.0,inf,1906,0,0,0,0,"[31.0, 16.0]",R-MAT,50,10,49,gexf
cut,cap,first,R-MAT.50.10.49.gexf,50,325,10,4,"[18, 18, 18, 18]",31.0,8.0,8.0,inf,3309,0,0,0,0,"[31.0, 8.0]",R-MAT,50,10,49,gexf
cut,cap,first,R-MAT.50.10.49.gexf,50,F,50,5,"[18, 18, 18, 18]",F,F,F,F,F,F,F,F,F,F,R-MAT,50,10,49,gexf
cut,cap,first,R-MAT.50.25.49.gexf,50,570,2,1,"[23, 23, 23, 23]",63.0,47.0,47.0,inf,1758,0,0,0,0,"[63.0, 47.0]",R-MAT,50,25,49,gexf
cut,cap,first,R-MAT.50.25.49.gexf,50,570,3,2,"[23, 23, 23, 23]",63.0,43.0,43.0,inf,863,0,0,0,0,"[63.0, 43.0]",R-MAT,50,25,49,gexf
cut,cap,first,R-MAT.50.25.49.gexf,50,570,5,3,"[23, 23, 23, 23]",63.0,35.0,35.0,inf,1020,0,0,0,0,"[63.0, 35.0]",R-MAT,50,25,49,gexf
cut,cap,first,R-MAT.50.25.49.gexf,50,570,10,4,"[23, 23, 23, 23]",63.0,21.0,21.0,inf,1265,0,0,0,0,"[63.0, 21.0]",R-MAT,50,25,49,gexf
cut,cap,first,R-MAT.50.25.49.gexf,50,F,50,5,"[23, 23, 23, 23]",F,F,F,F,F,F,F,F,F,F,R-MAT,50,25,49,gexf
cut,cap,first,R-MAT.50.5.50.gexf,50,184,2,1,"[11, 11, 11, 11]",17.0,11.0,11.0,inf,2757,0,0,0,0,"[17.0, 11.0]",R-MAT,50,5,50,gexf
cut,cap,first,R-MAT.50.5.50.gexf,50,184,3,2,"[11, 11, 11, 11]",17.0,9.0,9.0,inf,2888,0,0,0,0,"[17.0, 9.0]",R-MAT,50,5,50,gexf
cut,cap,first,R-MAT.50.5.50.gexf,50,184,5,3,"[11, 11, 11, 11]",17.0,6.0,6.0,inf,4978,0,0,0,0,"[17.0, 6.0]",R-MAT,50,5,50,gexf
cut,cap,first,R-MAT.50.5.50.gexf,50,184,10,4,"[11, 11, 11, 11]",17.0,1.0,1.0,inf,5746,0,0,0,0,"[17.0, 1.0]",R-MAT,50,5,50,gexf
cut,cap,first,R-MAT.50.5.50.gexf,50,F,50,5,"[11, 11, 11, 11]",F,F,F,F,F,F,F,F,F,F,R-MAT,50,5,50,gexf
cut,cap,first,R-MAT.50.10.50.gexf,50,309,2,1,"[14, 14, 14, 14]",25.0,19.0,19.0,inf,1853,0,0,0,0,"[25.0, 19.0]",R-MAT,50,10,50,gexf
cut,cap,first,R-MAT.50.10.50.gexf,50,309,3,2,"[14, 14, 14, 14]",25.0,15.0,17.0,15.0,2931,2,0,0,0,"[25.0, 17.0, 16.0, 15.0]",R-MAT,50,10,50,gexf
cut,cap,first,R-MAT.50.10.50.gexf,50,309,5,3,"[14, 14, 14, 14]",25.0,10.0,13.0,10.0,1996,2,0,0,0,"[25.0, 13.0, 12.0, 10.0]",R-MAT,50,10,50,gexf
cut,cap,first,R-MAT.50.10.50.gexf,50,309,10,4,"[14, 14, 14, 14]",25.0,8.0,8.0,inf,3402,0,0,0,0,"[25.0, 8.0]",R-MAT,50,10,50,gexf
cut,cap,first,R-MAT.50.10.50.gexf,50,F,50,5,"[14, 14, 14, 14]",F,F,F,F,F,F,F,F,F,F,R-MAT,50,10,50,gexf
cut,cap,first,R-MAT.50.25.50.gexf,50,573,2,1,"[23, 23, 23, 23]",67.0,40.0,40.0,inf,264,0,0,0,0,"[67.0, 40.0]",R-MAT,50,25,50,gexf
cut,cap,first,R-MAT.50.25.50.gexf,50,573,3,2,"[23, 23, 23, 23]",67.0,34.0,34.0,inf,470,0,0,0,0,"[67.0, 34.0]",R-MAT,50,25,50,gexf
cut,cap,first,R-MAT.50.25.50.gexf,50,573,5,3,"[23, 23, 23, 23]",67.0,26.0,26.0,inf,1234,0,0,0,0,"[67.0, 26.0]",R-MAT,50,25,50,gexf
cut,cap,first,R-MAT.50.25.50.gexf,50,573,10,4,"[23, 23, 23, 23]",67.0,16.0,16.0,inf,1484,0,0,0,0,"[67.0, 16.0]",R-MAT,50,25,50,gexf
cut,cap,first,R-MAT.50.25.50.gexf,50,F,50,5,"[23, 23, 23, 23]",F,F,F,F,F,F,F,F,F,F,R-MAT,50,25,50,gexf
